"transaction_id","timestamp","product_id","quantity","price","customer_id","sales_channel","discount_code","region","payment_method","transaction_status","valid_transaction_id","valid_product_customer_ids","valid_quantity_price","standardized_sales_channel","valid_discount_code_flag","valid_payment_method_flag","revenue","standardized_transaction_status"
2,"2025-02-20 06:51:58",2,5,"318.00",8,"reseller","STUDENT20","West","debit_card","completed",True,True,True,"reseller",True,True,"1590.00","Completed"
15907,"2025-03-27 13:33:19",10,9,"899.91",8,"online",NULL,"North","credit_card","completed",True,True,True,"online",False,True,"8099.19","Completed"
15912,"2025-06-13 20:23:45",3,6,"235.20",2,"reseller",NULL,"South","debit_card","failed",True,True,True,"reseller",False,True,"1411.20","Failed"
135,"2025-06-07 20:47:01",2,7,"445.20",8,"reseller","WELCOME10","East","debit_card","completed",True,True,True,"reseller",True,True,"3116.40","Completed"
170,"2025-08-13 04:45:56",5,1,"87.94",32,"online","STUDENT20","West","cash","completed",True,True,True,"online",True,True,"87.94","Completed"
185,"2025-07-02 18:53:40",1,7,"170.10",32,"store","STUDENT20","North","paypal","completed",True,True,True,"store",True,True,"1190.70","Completed"
190,"2025-01-15 00:01:38",2,2,"127.20",8,"online","HALFOFF","North","debit_card","failed",True,True,True,"online",True,True,"254.40","Failed"
215,"2025-08-14 14:22:45",8,2,"100.00",-5,"reseller",NULL,"East","paypal","pending",True,True,True,"reseller",False,True,"200.00","Pending"
253,"2025-08-09 10:45:25",2,10,"636.00",1,"store",NULL,"West","paypal","pending",True,True,True,"store",False,True,"6360.00","Pending"
272,"2025-11-21 20:03:23",10,3,"299.97",133,"reseller",NULL,"South","debit_card","pending",True,True,True,"reseller",False,True,"899.91","Pending"
288,"2025-03-18 09:05:33",10,2,"199.98",1,"online",NULL,"Central","paypal","completed",True,True,True,"online",False,True,"399.96","Completed"
370,"2025-09-08 18:52:13",8,3,"150.00",1,"store",NULL,"East","paypal","failed",True,True,True,"store",False,True,"450.00","Failed"
388,"2025-10-04 23:34:12",10,4,"399.96",2,"reseller",NULL,"East","debit_card","pending",True,True,True,"reseller",False,True,"1599.84","Pending"
400,"2025-09-24 00:52:31",2,7,"445.20",2,"store","WELCOME10","North","debit_card","completed",True,True,True,"store",True,True,"3116.40","Completed"
404,"2025-09-06 11:24:40",2,7,"445.20",8,"reseller",NULL,"South","paypal","completed",True,True,True,"reseller",False,True,"3116.40","Completed"
460,"2025-03-21 22:56:18",10,10,"999.90",-5,"online","STUDENT20","Central","debit_card","failed",True,True,True,"online",True,True,"9999.00","Failed"
464,"2025-01-11 18:32:21",10,10,"999.90",2,"online",NULL,"West","cash","completed",True,True,True,"online",False,True,"9999.00","Completed"
222,"2025-09-19 05:56:14",7,6,"221.40",2,"reseller","HALFOFF","North","cash","completed",True,True,True,"reseller",True,True,"1328.40","Completed"
229,"2025-02-11 09:11:16",3,8,"313.60",1,"store",NULL,"East","credit_card","pending",True,True,True,"store",False,True,"2508.80","Pending"
568,"2025-07-26 09:35:04",1,8,"194.40",10,"store","HALFOFF","South","cash","completed",True,True,True,"store",True,True,"1555.20","Completed"
688,"2025-09-06 11:46:00",2,8,"508.80",-5,"reseller","WELCOME10","Central","credit_card","failed",True,True,True,"reseller",True,True,"4070.40","Failed"
722,"2025-01-17 13:34:30",10,5,"499.95",32,"reseller","HALFOFF","East","credit_card","failed",True,True,True,"reseller",True,True,"2499.75","Failed"
767,"2025-04-13 14:57:56",3,3,"117.60",8,"reseller",NULL,"East","credit_card","pending",True,True,True,"reseller",False,True,"352.80","Pending"
813,"2025-09-08 01:03:40",2,5,"318.00",-5,"online","WELCOME10","North","cash","failed",True,True,True,"online",True,True,"1590.00","Failed"
823,"2025-10-03 03:24:48",3,9,"352.80",2,"store","WELCOME10","South","debit_card","completed",True,True,True,"store",True,True,"3175.20","Completed"
867,"2025-12-03 03:00:00",1,6,"145.80",133,"online",NULL,"South","paypal","failed",True,True,True,"online",False,True,"874.80","Failed"
885,"2025-05-17 18:16:52",3,8,"313.60",1,"online","WELCOME10","West","debit_card","pending",True,True,True,"online",True,True,"2508.80","Pending"
905,"2025-03-02 17:34:31",2,9,"572.40",133,"online","WELCOME10","East","credit_card","completed",True,True,True,"online",True,True,"5151.60","Completed"
968,"2025-11-07 01:00:02",2,8,"508.80",8,"online",NULL,"South","cash","pending",True,True,True,"online",False,True,"4070.40","Pending"
1017,"2025-07-02 00:10:57",10,4,"399.96",32,"online","HALFOFF","East","cash","failed",True,True,True,"online",True,True,"1599.84","Failed"
1044,"2025-11-03 22:16:16",1,1,"24.30",2,"store","STUDENT20","South","debit_card","failed",True,True,True,"store",True,True,"24.30","Failed"
1093,"2025-05-18 11:46:37",2,7,"445.20",2,"online","WELCOME10","South","debit_card","pending",True,True,True,"online",True,True,"3116.40","Pending"
1149,"2025-10-05 12:40:43",2,2,"127.20",8,"store","HALFOFF","East","paypal","completed",True,True,True,"store",True,True,"254.40","Completed"
1150,"2025-03-11 20:35:16",10,5,"499.95",2,"online",NULL,"South","debit_card","failed",True,True,True,"online",False,True,"2499.75","Failed"
1185,"2025-03-16 22:52:25",2,6,"381.60",8,"store",NULL,"West","cash","completed",True,True,True,"store",False,True,"2289.60","Completed"
1194,"2025-09-12 17:43:43",10,6,"599.94",-5,"store",NULL,"East","debit_card","pending",True,True,True,"store",False,True,"3599.64","Pending"
1218,"2025-05-21 09:44:48",10,10,"999.90",2,"online",NULL,"West","debit_card","pending",True,True,True,"online",False,True,"9999.00","Pending"
1288,"2025-02-06 13:21:09",10,8,"799.92",133,"store","WELCOME10","West","debit_card","completed",True,True,True,"store",True,True,"6399.36","Completed"
1324,"2025-10-13 16:26:03",1,2,"48.60",133,"reseller","STUDENT20","Central","paypal","pending",True,True,True,"reseller",True,True,"97.20","Pending"
1384,"2025-01-27 11:35:34",8,8,"400.00",-5,"store",NULL,"South","paypal","completed",True,True,True,"store",False,True,"3200.00","Completed"
1412,"2025-09-23 23:51:16",2,10,"636.00",999,"online",NULL,"West","paypal","pending",True,True,True,"online",False,True,"6360.00","Pending"
1443,"2025-04-01 05:40:21",5,5,"439.70",32,"store",NULL,"South","debit_card","completed",True,True,True,"store",False,True,"2198.50","Completed"
1523,"2025-09-17 19:46:33",2,1,"63.60",32,"store",NULL,"South","credit_card","failed",True,True,True,"store",False,True,"63.60","Failed"
1539,"2025-09-09 09:21:00",5,10,"879.40",133,"reseller","STUDENT20","North","credit_card","completed",True,True,True,"reseller",True,True,"8794.00","Completed"
1573,"2025-12-24 02:20:49",10,3,"299.97",2,"reseller","WELCOME10","Central","debit_card","completed",True,True,True,"reseller",True,True,"899.91","Completed"
1574,"2025-09-16 22:12:14",5,7,"615.58",8,"reseller","STUDENT20","East","credit_card","failed",True,True,True,"reseller",True,True,"4309.06","Failed"
1640,"2025-09-26 10:48:40",8,10,"500.00",2,"reseller",NULL,"South","credit_card","completed",True,True,True,"reseller",False,True,"5000.00","Completed"
1679,"2025-12-20 10:15:50",10,6,"599.94",32,"reseller",NULL,"West","paypal","pending",True,True,True,"reseller",False,True,"3599.64","Pending"
376,"2025-09-07 05:53:18",7,10,"369.00",2,"store","STUDENT20","East","paypal","completed",True,True,True,"store",True,True,"3690.00","Completed"
1713,"2025-04-18 18:14:13",5,7,"615.58",2,"online","WELCOME10","North","credit_card","pending",True,True,True,"online",True,True,"4309.06","Pending"
1754,"2025-04-04 11:34:04",2,10,"636.00",1,"reseller",NULL,"East","paypal","completed",True,True,True,"reseller",False,True,"6360.00","Completed"
1863,"2025-10-08 15:00:30",10,3,"299.97",8,"store",NULL,"South","cash","completed",True,True,True,"store",False,True,"899.91","Completed"
1908,"2025-02-03 12:34:44",10,2,"199.98",-5,"online",NULL,"Central","debit_card","pending",True,True,True,"online",False,True,"399.96","Pending"
1914,"2025-01-03 14:31:07",10,7,"699.93",2,"reseller",NULL,"Central","debit_card","completed",True,True,True,"reseller",False,True,"4899.51","Completed"
1968,"2025-10-21 01:00:24",3,8,"313.60",2,"reseller","HALFOFF","South","debit_card","failed",True,True,True,"reseller",True,True,"2508.80","Failed"
1974,"2025-01-21 11:20:18",7,9,"332.10",2,"store",NULL,"West","debit_card","pending",True,True,True,"store",False,True,"2988.90","Pending"
806,"2025-10-15 15:33:32",5,10,"879.40",8,"reseller","HALFOFF","West","debit_card","failed",True,True,True,"reseller",True,True,"8794.00","Failed"
2067,"2025-01-12 12:13:11",2,5,"318.00",8,"store","WELCOME10","West","debit_card","completed",True,True,True,"store",True,True,"1590.00","Completed"
894,"2025-05-17 21:18:18",7,10,"369.00",133,"reseller",NULL,"West","credit_card","completed",True,True,True,"reseller",False,True,"3690.00","Completed"
2210,"2025-12-08 10:37:11",1,10,"243.00",10,"reseller","HALFOFF","South","credit_card","failed",True,True,True,"reseller",True,True,"2430.00","Failed"
2215,"2025-08-13 17:31:50",3,8,"313.60",32,"online",NULL,"Central","paypal","pending",True,True,True,"online",False,True,"2508.80","Pending"
2247,"2025-03-13 23:58:48",3,1,"39.20",2,"store",NULL,"North","paypal","failed",True,True,True,"store",False,True,"39.20","Failed"
1156,"2025-07-08 11:24:07",2,2,"127.20",-5,"store",NULL,"Central","cash","failed",True,True,True,"store",False,True,"254.40","Failed"
2275,"2025-03-27 08:23:28",7,10,"369.00",133,"reseller",NULL,"North","debit_card","completed",True,True,True,"reseller",False,True,"3690.00","Completed"
2317,"2025-10-27 09:11:18",2,1,"63.60",-5,"online",NULL,"South","credit_card","completed",True,True,True,"online",False,True,"63.60","Completed"
2358,"2025-10-18 06:58:14",2,4,"254.40",-5,"reseller","HALFOFF","Central","debit_card","pending",True,True,True,"reseller",True,True,"1017.60","Pending"
2395,"2025-07-10 21:00:14",5,10,"879.40",32,"online","WELCOME10","North","debit_card","failed",True,True,True,"online",True,True,"8794.00","Failed"
2433,"2025-02-15 16:15:16",3,2,"78.40",1,"reseller",NULL,"West","debit_card","pending",True,True,True,"reseller",False,True,"156.80","Pending"
2434,"2025-08-24 18:08:00",7,7,"258.30",999,"reseller",NULL,"East","credit_card","completed",True,True,True,"reseller",False,True,"1808.10","Completed"
2512,"2025-10-09 05:58:05",8,7,"350.00",999,"store","WELCOME10","South","paypal","pending",True,True,True,"store",True,True,"2450.00","Pending"
2518,"2025-12-15 02:54:54",3,1,"39.20",32,"store",NULL,"South","paypal","failed",True,True,True,"store",False,True,"39.20","Failed"
2580,"2025-08-04 17:11:35",1,2,"48.60",133,"reseller",NULL,"Central","debit_card","failed",True,True,True,"reseller",False,True,"97.20","Failed"
1115,"2025-02-03 04:58:14",8,5,"250.00",999,"online","HALFOFF","North","cash","failed",True,True,True,"online",True,True,"1250.00","Failed"
2732,"2025-05-22 17:02:02",8,3,"150.00",32,"store","STUDENT20","West","paypal","completed",True,True,True,"store",True,True,"450.00","Completed"
2763,"2025-05-14 18:07:59",5,3,"263.82",10,"reseller",NULL,"East","credit_card","pending",True,True,True,"reseller",False,True,"791.46","Pending"
2832,"2025-06-22 03:24:51",2,1,"63.60",8,"reseller","STUDENT20","Central","debit_card","pending",True,True,True,"reseller",True,True,"63.60","Pending"
2840,"2025-06-08 20:11:16",3,8,"313.60",8,"store",NULL,"East","paypal","failed",True,True,True,"store",False,True,"2508.80","Failed"
2900,"2025-08-05 02:34:16",7,7,"258.30",8,"online",NULL,"Central","cash","pending",True,True,True,"online",False,True,"1808.10","Pending"
2924,"2025-05-17 21:00:24",2,10,"636.00",10,"reseller","STUDENT20","South","paypal","completed",True,True,True,"reseller",True,True,"6360.00","Completed"
2948,"2025-04-11 10:05:19",1,2,"48.60",1,"online","HALFOFF","Central","cash","failed",True,True,True,"online",True,True,"97.20","Failed"
1225,"2025-10-11 15:52:41",7,9,"332.10",2,"online","STUDENT20","East","cash","completed",True,True,True,"online",True,True,"2988.90","Completed"
3030,"2025-07-15 22:23:29",10,9,"899.91",133,"online",NULL,"Central","credit_card","pending",True,True,True,"online",False,True,"8099.19","Pending"
3100,"2025-04-27 17:41:49",2,6,"381.60",8,"store","STUDENT20","Central","paypal","pending",True,True,True,"store",True,True,"2289.60","Pending"
3182,"2025-08-05 18:07:24",5,2,"175.88",32,"online","STUDENT20","West","cash","failed",True,True,True,"online",True,True,"351.76","Failed"
3213,"2025-08-13 16:39:41",10,6,"599.94",32,"online",NULL,"Central","debit_card","completed",True,True,True,"online",False,True,"3599.64","Completed"
3240,"2025-03-02 03:40:52",2,3,"190.80",32,"reseller",NULL,"West","debit_card","failed",True,True,True,"reseller",False,True,"572.40","Failed"
1334,"2025-11-15 21:59:12",1,6,"145.80",2,"store","STUDENT20","North","paypal","failed",True,True,True,"store",True,True,"874.80","Failed"
3279,"2025-08-20 11:32:33",10,8,"799.92",8,"online",NULL,"North","paypal","failed",True,True,True,"online",False,True,"6399.36","Failed"
3292,"2025-06-07 13:58:01",5,2,"175.88",1,"reseller","STUDENT20","Central","credit_card","failed",True,True,True,"reseller",True,True,"351.76","Failed"
3299,"2025-07-18 03:15:37",7,2,"73.80",8,"online",NULL,"East","cash","completed",True,True,True,"online",False,True,"147.60","Completed"
3310,"2025-09-11 10:10:15",5,1,"87.94",10,"reseller","STUDENT20","West","debit_card","failed",True,True,True,"reseller",True,True,"87.94","Failed"
3323,"2025-07-08 04:20:13",5,10,"879.40",10,"store",NULL,"South","debit_card","failed",True,True,True,"store",False,True,"8794.00","Failed"
3362,"2025-07-05 03:47:48",10,5,"499.95",1,"online","HALFOFF","West","cash","pending",True,True,True,"online",True,True,"2499.75","Pending"
3367,"2025-11-28 14:35:57",2,1,"63.60",2,"reseller","WELCOME10","North","credit_card","pending",True,True,True,"reseller",True,True,"63.60","Pending"
3370,"2025-12-01 22:28:30",10,9,"899.91",133,"online","HALFOFF","Central","debit_card","pending",True,True,True,"online",True,True,"8099.19","Pending"
3374,"2025-04-07 13:41:54",2,5,"318.00",10,"reseller",NULL,"West","cash","completed",True,True,True,"reseller",False,True,"1590.00","Completed"
416,"2025-02-03 01:33:12",2,3,"190.80",2,"online","HALFOFF","East","debit_card","pending",True,True,True,"online",True,True,"572.40","Pending"
3408,"2025-11-24 06:11:41",10,6,"599.94",-5,"online",NULL,"Central","debit_card","pending",True,True,True,"online",False,True,"3599.64","Pending"
3530,"2025-02-18 21:47:43",2,1,"63.60",8,"reseller",NULL,"West","credit_card","pending",True,True,True,"reseller",False,True,"63.60","Pending"
3568,"2025-07-21 14:12:31",7,8,"295.20",1,"store",NULL,"Central","credit_card","failed",True,True,True,"store",False,True,"2361.60","Failed"
3577,"2025-09-18 18:40:38",3,3,"117.60",8,"reseller","WELCOME10","South","credit_card","failed",True,True,True,"reseller",True,True,"352.80","Failed"
3584,"2025-10-01 17:36:33",3,9,"352.80",8,"reseller",NULL,"South","paypal","failed",True,True,True,"reseller",False,True,"3175.20","Failed"
3589,"2025-08-25 10:00:10",3,7,"274.40",8,"reseller","HALFOFF","North","cash","failed",True,True,True,"reseller",True,True,"1920.80","Failed"
3689,"2025-01-27 16:47:03",2,10,"636.00",1,"store",NULL,"North","paypal","completed",True,True,True,"store",False,True,"6360.00","Completed"
3760,"2025-10-05 13:44:36",7,2,"73.80",1,"store","HALFOFF","West","debit_card","pending",True,True,True,"store",True,True,"147.60","Pending"
1562,"2025-11-27 05:44:23",7,8,"295.20",8,"online",NULL,"North","debit_card","failed",True,True,True,"online",False,True,"2361.60","Failed"
3815,"2025-09-01 16:13:52",1,3,"72.90",-5,"online","WELCOME10","West","paypal","completed",True,True,True,"online",True,True,"218.70","Completed"
3820,"2025-05-22 22:50:12",3,7,"274.40",10,"reseller","WELCOME10","East","credit_card","pending",True,True,True,"reseller",True,True,"1920.80","Pending"
3908,"2025-01-09 23:39:40",2,4,"254.40",2,"store","WELCOME10","West","debit_card","completed",True,True,True,"store",True,True,"1017.60","Completed"
3923,"2025-04-28 13:35:10",5,10,"879.40",-5,"online",NULL,"Central","credit_card","completed",True,True,True,"online",False,True,"8794.00","Completed"
3934,"2025-07-12 10:51:16",1,8,"194.40",8,"reseller","HALFOFF","West","cash","failed",True,True,True,"reseller",True,True,"1555.20","Failed"
3945,"2025-07-02 11:30:46",5,8,"703.52",32,"online","WELCOME10","East","paypal","pending",True,True,True,"online",True,True,"5628.16","Pending"
3972,"2025-09-04 11:32:09",7,7,"258.30",10,"reseller",NULL,"East","credit_card","completed",True,True,True,"reseller",False,True,"1808.10","Completed"
3984,"2025-01-25 13:03:52",5,1,"87.94",133,"store",NULL,"Central","paypal","completed",True,True,True,"store",False,True,"87.94","Completed"
4033,"2025-10-12 14:49:22",2,3,"190.80",2,"online",NULL,"Central","paypal","failed",True,True,True,"online",False,True,"572.40","Failed"
4035,"2025-05-04 11:06:03",10,9,"899.91",133,"store",NULL,"West","cash","failed",True,True,True,"store",False,True,"8099.19","Failed"
1668,"2025-10-12 02:46:26",10,2,"199.98",2,"online","STUDENT20","North","credit_card","failed",True,True,True,"online",True,True,"399.96","Failed"
4153,"2025-03-17 12:57:52",7,4,"147.60",2,"reseller","HALFOFF","South","debit_card","pending",True,True,True,"reseller",True,True,"590.40","Pending"
4189,"2025-06-16 11:02:16",8,1,"50.00",8,"online",NULL,"Central","credit_card","failed",True,True,True,"online",False,True,"50.00","Failed"
4243,"2025-09-24 11:19:28",3,7,"274.40",10,"store",NULL,"South","credit_card","pending",True,True,True,"store",False,True,"1920.80","Pending"
4303,"2025-11-11 12:01:49",10,5,"499.95",8,"store","WELCOME10","West","debit_card","pending",True,True,True,"store",True,True,"2499.75","Pending"
4344,"2025-04-13 13:06:00",5,4,"351.76",2,"online","WELCOME10","Central","debit_card","failed",True,True,True,"online",True,True,"1407.04","Failed"
4394,"2025-07-23 12:14:49",2,3,"190.80",8,"store","HALFOFF","Central","debit_card","pending",True,True,True,"store",True,True,"572.40","Pending"
4405,"2025-01-17 18:13:44",10,1,"99.99",2,"online",NULL,"North","paypal","failed",True,True,True,"online",False,True,"99.99","Failed"
4507,"2025-06-16 07:08:13",10,2,"199.98",2,"online","STUDENT20","North","cash","pending",True,True,True,"online",True,True,"399.96","Pending"
4588,"2025-12-11 07:31:08",2,10,"636.00",-5,"store","STUDENT20","Central","credit_card","failed",True,True,True,"store",True,True,"6360.00","Failed"
4607,"2025-11-19 08:06:22",8,4,"200.00",8,"online","HALFOFF","West","cash","pending",True,True,True,"online",True,True,"800.00","Pending"
4610,"2025-04-02 03:30:19",5,5,"439.70",2,"reseller","WELCOME10","East","paypal","pending",True,True,True,"reseller",True,True,"2198.50","Pending"
4725,"2025-01-02 19:40:02",10,8,"799.92",32,"store","HALFOFF","East","paypal","pending",True,True,True,"store",True,True,"6399.36","Pending"
4792,"2025-09-07 17:31:31",2,9,"572.40",8,"reseller",NULL,"West","credit_card","completed",True,True,True,"reseller",False,True,"5151.60","Completed"
4795,"2025-03-10 01:55:21",2,3,"190.80",8,"online","HALFOFF","North","debit_card","completed",True,True,True,"online",True,True,"572.40","Completed"
4824,"2025-06-20 03:40:10",3,3,"117.60",32,"store",NULL,"East","paypal","completed",True,True,True,"store",False,True,"352.80","Completed"
4872,"2025-10-03 10:38:37",2,10,"636.00",2,"online","STUDENT20","West","debit_card","completed",True,True,True,"online",True,True,"6360.00","Completed"
4929,"2025-05-26 17:24:25",2,1,"63.60",10,"reseller",NULL,"West","paypal","completed",True,True,True,"reseller",False,True,"63.60","Completed"
4950,"2025-06-26 14:50:48",8,9,"450.00",10,"reseller","WELCOME10","East","cash","completed",True,True,True,"reseller",True,True,"4050.00","Completed"
4965,"2025-07-22 13:28:53",3,9,"352.80",10,"reseller",NULL,"West","cash","pending",True,True,True,"reseller",False,True,"3175.20","Pending"
4992,"2025-08-27 08:46:27",10,5,"499.95",-5,"store",NULL,"Central","debit_card","completed",True,True,True,"store",False,True,"2499.75","Completed"
5083,"2025-09-19 16:37:06",8,1,"50.00",999,"online",NULL,"East","debit_card","completed",True,True,True,"online",False,True,"50.00","Completed"
5095,"2025-08-25 04:46:35",10,9,"899.91",8,"store",NULL,"North","credit_card","completed",True,True,True,"store",False,True,"8099.19","Completed"
5148,"2025-11-13 02:59:16",10,4,"399.96",8,"online",NULL,"South","debit_card","completed",True,True,True,"online",False,True,"1599.84","Completed"
5168,"2025-01-17 02:56:48",5,6,"527.64",133,"online",NULL,"East","cash","pending",True,True,True,"online",False,True,"3165.84","Pending"
5199,"2025-06-20 01:00:33",10,6,"599.94",133,"reseller",NULL,"Central","paypal","failed",True,True,True,"reseller",False,True,"3599.64","Failed"
5253,"2025-08-16 16:38:32",1,6,"145.80",1,"online","HALFOFF","East","credit_card","failed",True,True,True,"online",True,True,"874.80","Failed"
5262,"2025-05-11 08:32:24",2,5,"318.00",133,"reseller","WELCOME10","North","debit_card","failed",True,True,True,"reseller",True,True,"1590.00","Failed"
5292,"2025-11-05 18:16:27",8,6,"300.00",10,"online",NULL,"South","debit_card","pending",True,True,True,"online",False,True,"1800.00","Pending"
5315,"2025-05-07 02:04:56",10,6,"599.94",8,"reseller","HALFOFF","South","paypal","pending",True,True,True,"reseller",True,True,"3599.64","Pending"
5393,"2025-05-16 18:52:55",1,4,"97.20",32,"online",NULL,"North","paypal","pending",True,True,True,"online",False,True,"388.80","Pending"
2218,"2025-01-13 22:28:04",2,7,"445.20",-5,"store",NULL,"South","credit_card","pending",True,True,True,"store",False,True,"3116.40","Pending"
5418,"2025-08-03 16:14:08",10,4,"399.96",2,"store",NULL,"South","credit_card","pending",True,True,True,"store",False,True,"1599.84","Pending"
5423,"2025-10-02 06:38:50",10,9,"899.91",8,"reseller",NULL,"South","credit_card","completed",True,True,True,"reseller",False,True,"8099.19","Completed"
5430,"2025-08-28 16:47:15",3,9,"352.80",32,"reseller",NULL,"East","cash","failed",True,True,True,"reseller",False,True,"3175.20","Failed"
5433,"2025-10-03 10:35:30",2,6,"381.60",8,"reseller",NULL,"West","debit_card","completed",True,True,True,"reseller",False,True,"2289.60","Completed"
5443,"2025-04-06 07:59:28",1,7,"170.10",10,"online","WELCOME10","East","credit_card","completed",True,True,True,"online",True,True,"1190.70","Completed"
5502,"2025-01-04 14:11:03",7,10,"369.00",2,"reseller","HALFOFF","East","paypal","completed",True,True,True,"reseller",True,True,"3690.00","Completed"
5509,"2025-05-26 17:59:09",7,10,"369.00",8,"online",NULL,"South","paypal","failed",True,True,True,"online",False,True,"3690.00","Failed"
5517,"2025-07-06 12:58:53",7,9,"332.10",32,"online",NULL,"West","cash","completed",True,True,True,"online",False,True,"2988.90","Completed"
5589,"2025-08-01 09:47:59",8,3,"150.00",133,"store","STUDENT20","East","cash","failed",True,True,True,"store",True,True,"450.00","Failed"
5594,"2025-01-01 17:05:14",2,6,"381.60",32,"store","STUDENT20","South","paypal","completed",True,True,True,"store",True,True,"2289.60","Completed"
5598,"2025-10-11 06:18:59",1,2,"48.60",1,"online","STUDENT20","East","debit_card","failed",True,True,True,"online",True,True,"97.20","Failed"
5608,"2025-01-22 04:51:02",1,8,"194.40",999,"store","STUDENT20","West","cash","pending",True,True,True,"store",True,True,"1555.20","Pending"
5610,"2025-04-10 10:30:18",2,6,"381.60",133,"reseller","STUDENT20","North","cash","failed",True,True,True,"reseller",True,True,"2289.60","Failed"
5634,"2025-08-14 18:31:59",3,7,"274.40",32,"store","HALFOFF","Central","paypal","failed",True,True,True,"store",True,True,"1920.80","Failed"
5710,"2025-04-06 11:50:01",1,2,"48.60",2,"online","STUDENT20","East","debit_card","pending",True,True,True,"online",True,True,"97.20","Pending"
5799,"2025-10-26 06:00:33",8,5,"250.00",8,"reseller",NULL,"North","cash","failed",True,True,True,"reseller",False,True,"1250.00","Failed"
5809,"2025-02-14 09:47:26",8,5,"250.00",10,"reseller",NULL,"North","cash","failed",True,True,True,"reseller",False,True,"1250.00","Failed"
5829,"2025-09-20 06:06:16",10,1,"99.99",133,"store","STUDENT20","East","cash","completed",True,True,True,"store",True,True,"99.99","Completed"
5848,"2025-12-04 23:48:21",10,6,"599.94",8,"online",NULL,"West","paypal","failed",True,True,True,"online",False,True,"3599.64","Failed"
5855,"2025-11-05 18:25:41",10,3,"299.97",32,"reseller","WELCOME10","Central","cash","failed",True,True,True,"reseller",True,True,"899.91","Failed"
5875,"2025-02-07 04:47:23",2,2,"127.20",2,"store",NULL,"South","credit_card","failed",True,True,True,"store",False,True,"254.40","Failed"
5877,"2025-08-20 23:50:17",10,7,"699.93",8,"reseller",NULL,"South","cash","pending",True,True,True,"reseller",False,True,"4899.51","Pending"
5909,"2025-06-24 02:57:12",10,10,"999.90",999,"online",NULL,"West","debit_card","pending",True,True,True,"online",False,True,"9999.00","Pending"
2459,"2025-04-17 15:04:58",2,6,"381.60",32,"store","STUDENT20","North","credit_card","failed",True,True,True,"store",True,True,"2289.60","Failed"
5939,"2025-01-21 06:45:44",2,8,"508.80",32,"store",NULL,"North","debit_card","failed",True,True,True,"store",False,True,"4070.40","Failed"
5947,"2025-12-08 13:31:12",2,1,"63.60",2,"store",NULL,"East","credit_card","failed",True,True,True,"store",False,True,"63.60","Failed"
5995,"2025-01-17 12:46:36",7,5,"184.50",1,"reseller","STUDENT20","East","cash","pending",True,True,True,"reseller",True,True,"922.50","Pending"
5998,"2025-09-20 21:08:11",1,3,"72.90",-5,"online",NULL,"South","cash","failed",True,True,True,"online",False,True,"218.70","Failed"
6035,"2025-06-12 14:07:31",8,7,"350.00",10,"reseller","STUDENT20","West","debit_card","failed",True,True,True,"reseller",True,True,"2450.00","Failed"
6050,"2025-11-06 12:58:00",1,1,"24.30",32,"online",NULL,"North","paypal","completed",True,True,True,"online",False,True,"24.30","Completed"
6052,"2025-01-14 21:35:16",5,10,"879.40",999,"store","HALFOFF","East","cash","pending",True,True,True,"store",True,True,"8794.00","Pending"
6057,"2025-12-17 16:09:54",7,9,"332.10",999,"reseller",NULL,"East","credit_card","completed",True,True,True,"reseller",False,True,"2988.90","Completed"
2555,"2025-10-28 12:51:58",10,10,"999.90",-5,"reseller","HALFOFF","South","debit_card","pending",True,True,True,"reseller",True,True,"9999.00","Pending"
6273,"2025-10-08 05:19:26",10,9,"899.91",10,"store","STUDENT20","South","paypal","completed",True,True,True,"store",True,True,"8099.19","Completed"
6282,"2025-09-20 20:21:05",8,3,"150.00",2,"online",NULL,"South","cash","failed",True,True,True,"online",False,True,"450.00","Failed"
6343,"2025-08-18 20:06:51",3,1,"39.20",1,"store","WELCOME10","South","cash","pending",True,True,True,"store",True,True,"39.20","Pending"
6362,"2025-01-23 16:37:09",8,7,"350.00",2,"reseller","HALFOFF","West","credit_card","pending",True,True,True,"reseller",True,True,"2450.00","Pending"
6380,"2025-03-11 07:29:45",10,7,"699.93",-5,"reseller",NULL,"North","paypal","pending",True,True,True,"reseller",False,True,"4899.51","Pending"
2672,"2025-03-25 07:45:56",10,7,"699.93",999,"store",NULL,"West","cash","failed",True,True,True,"store",False,True,"4899.51","Failed"
2682,"2025-05-21 18:30:33",1,2,"48.60",10,"online",NULL,"West","credit_card","pending",True,True,True,"online",False,True,"97.20","Pending"
6390,"2025-05-12 17:12:16",2,7,"445.20",32,"online",NULL,"West","credit_card","completed",True,True,True,"online",False,True,"3116.40","Completed"
6413,"2025-06-02 11:08:17",8,9,"450.00",133,"online","STUDENT20","South","cash","completed",True,True,True,"online",True,True,"4050.00","Completed"
6517,"2025-02-12 06:55:40",3,9,"352.80",999,"store",NULL,"West","paypal","completed",True,True,True,"store",False,True,"3175.20","Completed"
6558,"2025-10-20 03:37:26",10,3,"299.97",2,"reseller",NULL,"East","cash","pending",True,True,True,"reseller",False,True,"899.91","Pending"
6617,"2025-09-07 04:13:06",2,6,"381.60",10,"online","STUDENT20","North","credit_card","pending",True,True,True,"online",True,True,"2289.60","Pending"
6634,"2025-08-12 23:12:26",10,3,"299.97",8,"store","STUDENT20","South","debit_card","completed",True,True,True,"store",True,True,"899.91","Completed"
6639,"2025-11-28 13:45:36",2,6,"381.60",133,"online","STUDENT20","North","cash","failed",True,True,True,"online",True,True,"2289.60","Failed"
6662,"2025-08-21 11:26:45",2,4,"254.40",8,"online","WELCOME10","West","debit_card","failed",True,True,True,"online",True,True,"1017.60","Failed"
6722,"2025-12-05 04:12:06",7,2,"73.80",-5,"store",NULL,"East","cash","pending",True,True,True,"store",False,True,"147.60","Pending"
5371,"2025-03-11 01:30:06",2,3,"190.80",2,"reseller","WELCOME10","Central","paypal","completed",True,True,True,"reseller",True,True,"572.40","Completed"
6815,"2025-07-12 02:33:19",2,9,"572.40",999,"reseller",NULL,"Central","paypal","pending",True,True,True,"reseller",False,True,"5151.60","Pending"
6840,"2025-08-13 07:54:28",2,1,"63.60",32,"store","HALFOFF","North","paypal","pending",True,True,True,"store",True,True,"63.60","Pending"
6845,"2025-10-21 22:50:51",1,3,"72.90",133,"online",NULL,"Central","cash","failed",True,True,True,"online",False,True,"218.70","Failed"
6853,"2025-03-05 18:21:48",2,2,"127.20",8,"store",NULL,"East","cash","failed",True,True,True,"store",False,True,"254.40","Failed"
6868,"2025-05-18 02:35:55",3,2,"78.40",8,"reseller",NULL,"Central","credit_card","failed",True,True,True,"reseller",False,True,"156.80","Failed"
6955,"2025-04-20 02:20:08",2,9,"572.40",-5,"reseller","WELCOME10","East","credit_card","completed",True,True,True,"reseller",True,True,"5151.60","Completed"
7035,"2025-09-27 03:18:43",8,3,"150.00",32,"store",NULL,"South","paypal","failed",True,True,True,"store",False,True,"450.00","Failed"
7054,"2025-04-08 20:04:21",2,5,"318.00",133,"online",NULL,"North","credit_card","pending",True,True,True,"online",False,True,"1590.00","Pending"
7083,"2025-04-04 02:23:30",1,7,"170.10",8,"online",NULL,"Central","paypal","pending",True,True,True,"online",False,True,"1190.70","Pending"
7090,"2025-07-08 04:07:56",10,9,"899.91",2,"reseller",NULL,"North","credit_card","completed",True,True,True,"reseller",False,True,"8099.19","Completed"
7102,"2025-12-17 23:20:09",7,4,"147.60",1,"store",NULL,"North","credit_card","completed",True,True,True,"store",False,True,"590.40","Completed"
7192,"2025-08-17 00:09:24",2,4,"254.40",8,"reseller","WELCOME10","West","paypal","failed",True,True,True,"reseller",True,True,"1017.60","Failed"
7203,"2025-07-15 02:08:44",3,4,"156.80",999,"store",NULL,"West","debit_card","failed",True,True,True,"store",False,True,"627.20","Failed"
7290,"2025-04-25 05:34:26",5,5,"439.70",2,"online",NULL,"West","cash","failed",True,True,True,"online",False,True,"2198.50","Failed"
7307,"2025-06-28 04:09:03",2,3,"190.80",8,"store",NULL,"West","credit_card","completed",True,True,True,"store",False,True,"572.40","Completed"
7310,"2025-03-26 12:59:18",2,3,"190.80",32,"online",NULL,"East","cash","failed",True,True,True,"online",False,True,"572.40","Failed"
7358,"2025-11-25 07:22:59",1,9,"218.70",2,"store",NULL,"Central","cash","failed",True,True,True,"store",False,True,"1968.30","Failed"
7370,"2025-09-21 00:45:32",2,10,"636.00",-5,"reseller",NULL,"West","paypal","pending",True,True,True,"reseller",False,True,"6360.00","Pending"
7372,"2025-04-19 06:59:47",7,6,"221.40",8,"reseller","WELCOME10","Central","paypal","failed",True,True,True,"reseller",True,True,"1328.40","Failed"
7373,"2025-08-14 12:44:40",2,3,"190.80",32,"online","WELCOME10","East","credit_card","completed",True,True,True,"online",True,True,"572.40","Completed"
7387,"2025-08-16 23:51:40",2,4,"254.40",8,"online","WELCOME10","North","cash","completed",True,True,True,"online",True,True,"1017.60","Completed"
3113,"2025-06-22 02:53:11",1,2,"48.60",1,"store",NULL,"West","credit_card","completed",True,True,True,"store",False,True,"97.20","Completed"
3114,"2025-08-25 17:37:27",8,7,"350.00",999,"online","HALFOFF","West","cash","failed",True,True,True,"online",True,True,"2450.00","Failed"
7435,"2025-11-25 19:53:27",2,7,"445.20",2,"reseller","STUDENT20","East","credit_card","pending",True,True,True,"reseller",True,True,"3116.40","Pending"
7439,"2025-10-25 11:27:31",8,9,"450.00",133,"store",NULL,"North","paypal","completed",True,True,True,"store",False,True,"4050.00","Completed"
4681,"2025-01-26 15:49:46",2,2,"127.20",2,"online",NULL,"East","cash","failed",True,True,True,"online",False,True,"254.40","Failed"
7538,"2025-09-06 22:45:26",8,1,"50.00",10,"store","HALFOFF","South","cash","completed",True,True,True,"store",True,True,"50.00","Completed"
7599,"2025-08-23 08:11:09",5,4,"351.76",2,"online",NULL,"Central","cash","failed",True,True,True,"online",False,True,"1407.04","Failed"
7604,"2025-11-25 23:03:52",3,7,"274.40",2,"reseller",NULL,"North","paypal","failed",True,True,True,"reseller",False,True,"1920.80","Failed"
7642,"2025-04-22 18:01:48",3,2,"78.40",8,"store","STUDENT20","North","debit_card","failed",True,True,True,"store",True,True,"156.80","Failed"
3235,"2025-12-12 02:33:04",10,2,"199.98",32,"reseller","WELCOME10","South","cash","failed",True,True,True,"reseller",True,True,"399.96","Failed"
7648,"2025-09-19 08:33:19",3,5,"196.00",10,"store",NULL,"Central","cash","completed",True,True,True,"store",False,True,"980.00","Completed"
7659,"2025-12-25 11:17:20",1,9,"218.70",8,"store","WELCOME10","East","credit_card","failed",True,True,True,"store",True,True,"1968.30","Failed"
7663,"2025-02-16 11:43:28",1,2,"48.60",1,"online","STUDENT20","North","cash","completed",True,True,True,"online",True,True,"97.20","Completed"
7698,"2025-02-12 00:01:30",7,3,"110.70",1,"store","STUDENT20","East","cash","pending",True,True,True,"store",True,True,"332.10","Pending"
7720,"2025-01-16 01:49:55",7,1,"36.90",8,"reseller",NULL,"North","paypal","pending",True,True,True,"reseller",False,True,"36.90","Pending"
7732,"2025-10-27 19:17:33",10,8,"799.92",133,"reseller","WELCOME10","East","credit_card","completed",True,True,True,"reseller",True,True,"6399.36","Completed"
7762,"2025-01-24 12:23:25",2,5,"318.00",2,"online","HALFOFF","West","cash","failed",True,True,True,"online",True,True,"1590.00","Failed"
7795,"2025-05-25 06:23:27",1,3,"72.90",10,"online","HALFOFF","North","paypal","failed",True,True,True,"online",True,True,"218.70","Failed"
7819,"2025-01-19 05:23:46",8,10,"500.00",2,"reseller",NULL,"South","credit_card","completed",True,True,True,"reseller",False,True,"5000.00","Completed"
3342,"2025-02-05 12:35:14",2,4,"254.40",2,"reseller",NULL,"South","credit_card","pending",True,True,True,"reseller",False,True,"1017.60","Pending"
7903,"2025-10-13 03:42:16",2,2,"127.20",999,"reseller","WELCOME10","South","credit_card","pending",True,True,True,"reseller",True,True,"254.40","Pending"
7923,"2025-09-05 12:33:44",8,6,"300.00",133,"reseller",NULL,"South","credit_card","completed",True,True,True,"reseller",False,True,"1800.00","Completed"
7948,"2025-04-04 14:09:42",3,9,"352.80",8,"store","HALFOFF","Central","credit_card","failed",True,True,True,"store",True,True,"3175.20","Failed"
8105,"2025-09-18 07:28:43",10,1,"99.99",133,"store","HALFOFF","Central","debit_card","failed",True,True,True,"store",True,True,"99.99","Failed"
8167,"2025-06-28 20:13:01",2,2,"127.20",133,"online","HALFOFF","Central","debit_card","completed",True,True,True,"online",True,True,"254.40","Completed"
8180,"2025-09-18 00:53:45",8,9,"450.00",8,"reseller",NULL,"Central","paypal","failed",True,True,True,"reseller",False,True,"4050.00","Failed"
4146,"2025-05-21 05:44:43",2,10,"636.00",999,"reseller",NULL,"West","paypal","completed",True,True,True,"reseller",False,True,"6360.00","Completed"
8198,"2025-03-23 09:40:22",8,10,"500.00",8,"store","WELCOME10","Central","paypal","pending",True,True,True,"store",True,True,"5000.00","Pending"
8385,"2025-04-11 20:52:22",7,8,"295.20",10,"store",NULL,"West","credit_card","completed",True,True,True,"store",False,True,"2361.60","Completed"
8419,"2025-12-21 21:57:05",10,2,"199.98",1,"reseller",NULL,"West","paypal","failed",True,True,True,"reseller",False,True,"399.96","Failed"
8503,"2025-05-05 08:49:27",7,5,"184.50",133,"reseller","HALFOFF","West","debit_card","failed",True,True,True,"reseller",True,True,"922.50","Failed"
8509,"2025-11-20 15:00:01",2,4,"254.40",2,"reseller",NULL,"Central","cash","failed",True,True,True,"reseller",False,True,"1017.60","Failed"
8583,"2025-10-17 17:05:00",10,9,"899.91",1,"store","WELCOME10","North","debit_card","failed",True,True,True,"store",True,True,"8099.19","Failed"
8628,"2025-01-24 05:58:31",10,1,"99.99",2,"store","STUDENT20","North","credit_card","pending",True,True,True,"store",True,True,"99.99","Pending"
8697,"2025-03-04 13:23:27",2,5,"318.00",999,"reseller",NULL,"East","debit_card","completed",True,True,True,"reseller",False,True,"1590.00","Completed"
8717,"2025-10-24 16:27:31",8,10,"500.00",32,"store",NULL,"North","paypal","pending",True,True,True,"store",False,True,"5000.00","Pending"
8729,"2025-05-15 18:03:36",10,7,"699.93",2,"reseller",NULL,"Central","cash","failed",True,True,True,"reseller",False,True,"4899.51","Failed"
8830,"2025-02-26 08:35:29",10,7,"699.93",133,"reseller",NULL,"West","paypal","failed",True,True,True,"reseller",False,True,"4899.51","Failed"
8865,"2025-05-22 06:11:24",7,7,"258.30",2,"online",NULL,"East","credit_card","pending",True,True,True,"online",False,True,"1808.10","Pending"
8873,"2025-07-04 16:11:25",3,1,"39.20",-5,"online",NULL,"Central","paypal","completed",True,True,True,"online",False,True,"39.20","Completed"
8939,"2025-11-14 08:59:56",1,9,"218.70",133,"reseller",NULL,"West","credit_card","completed",True,True,True,"reseller",False,True,"1968.30","Completed"
3780,"2025-08-06 01:31:02",2,9,"572.40",999,"store",NULL,"West","paypal","failed",True,True,True,"store",False,True,"5151.60","Failed"
3787,"2025-09-23 10:31:53",1,3,"72.90",8,"store","STUDENT20","Central","credit_card","pending",True,True,True,"store",True,True,"218.70","Pending"
9065,"2025-10-02 15:41:16",5,1,"87.94",-5,"reseller",NULL,"South","paypal","pending",True,True,True,"reseller",False,True,"87.94","Pending"
9104,"2025-08-10 15:15:14",8,4,"200.00",2,"online",NULL,"East","paypal","completed",True,True,True,"online",False,True,"800.00","Completed"
9108,"2025-12-15 11:19:13",1,2,"48.60",2,"store",NULL,"Central","cash","failed",True,True,True,"store",False,True,"97.20","Failed"
9143,"2025-03-14 04:38:22",10,10,"999.90",-5,"reseller",NULL,"South","paypal","completed",True,True,True,"reseller",False,True,"9999.00","Completed"
9145,"2025-09-14 05:39:00",2,7,"445.20",8,"reseller",NULL,"South","credit_card","completed",True,True,True,"reseller",False,True,"3116.40","Completed"
9157,"2025-09-05 16:28:14",8,9,"450.00",-5,"online",NULL,"East","cash","completed",True,True,True,"online",False,True,"4050.00","Completed"
9159,"2025-05-07 22:29:34",10,3,"299.97",10,"store","WELCOME10","Central","paypal","completed",True,True,True,"store",True,True,"899.91","Completed"
9160,"2025-08-10 21:31:58",8,5,"250.00",-5,"reseller",NULL,"East","credit_card","completed",True,True,True,"reseller",False,True,"1250.00","Completed"
2546,"2025-01-15 14:11:11",7,8,"295.20",32,"store","STUDENT20","South","credit_card","completed",True,True,True,"store",True,True,"2361.60","Completed"
9188,"2025-11-06 11:06:28",8,3,"150.00",10,"reseller",NULL,"North","cash","completed",True,True,True,"reseller",False,True,"450.00","Completed"
9198,"2025-04-08 05:45:47",10,10,"999.90",2,"store","HALFOFF","North","debit_card","completed",True,True,True,"store",True,True,"9999.00","Completed"
9210,"2025-05-21 05:33:58",1,10,"243.00",1,"reseller","STUDENT20","West","cash","pending",True,True,True,"reseller",True,True,"2430.00","Pending"
9218,"2025-07-26 22:08:51",1,3,"72.90",10,"reseller","WELCOME10","East","paypal","pending",True,True,True,"reseller",True,True,"218.70","Pending"
9249,"2025-04-23 00:07:55",10,2,"199.98",-5,"online","WELCOME10","North","debit_card","pending",True,True,True,"online",True,True,"399.96","Pending"
9257,"2025-05-03 19:28:05",2,2,"127.20",133,"reseller",NULL,"East","cash","completed",True,True,True,"reseller",False,True,"254.40","Completed"
9327,"2025-07-26 04:18:17",5,9,"791.46",10,"store","WELCOME10","West","debit_card","completed",True,True,True,"store",True,True,"7123.14","Completed"
9393,"2025-09-08 02:36:11",10,2,"199.98",-5,"reseller",NULL,"South","debit_card","pending",True,True,True,"reseller",False,True,"399.96","Pending"
9414,"2025-10-07 06:13:49",5,6,"527.64",-5,"online",NULL,"East","debit_card","completed",True,True,True,"online",False,True,"3165.84","Completed"
4003,"2025-07-01 20:55:20",2,3,"190.80",32,"store","HALFOFF","East","debit_card","pending",True,True,True,"store",True,True,"572.40","Pending"
9533,"2025-10-03 08:55:37",5,10,"879.40",10,"reseller","WELCOME10","West","paypal","pending",True,True,True,"reseller",True,True,"8794.00","Pending"
9577,"2025-12-26 20:42:52",2,4,"254.40",10,"store","WELCOME10","South","debit_card","failed",True,True,True,"store",True,True,"1017.60","Failed"
9613,"2025-03-22 16:04:06",10,6,"599.94",-5,"reseller",NULL,"North","paypal","failed",True,True,True,"reseller",False,True,"3599.64","Failed"
4114,"2025-08-04 09:25:09",2,5,"318.00",999,"store",NULL,"North","credit_card","completed",True,True,True,"store",False,True,"1590.00","Completed"
4115,"2025-05-20 19:28:04",1,2,"48.60",-5,"online",NULL,"South","debit_card","pending",True,True,True,"online",False,True,"97.20","Pending"
9713,"2025-09-19 21:02:37",10,8,"799.92",10,"store","HALFOFF","West","debit_card","completed",True,True,True,"store",True,True,"6399.36","Completed"
9719,"2025-01-09 04:44:56",5,4,"351.76",1,"online",NULL,"South","credit_card","pending",True,True,True,"online",False,True,"1407.04","Pending"
9835,"2025-03-01 09:40:48",2,10,"636.00",1,"online","HALFOFF","South","debit_card","completed",True,True,True,"online",True,True,"6360.00","Completed"
5631,"2025-10-09 07:32:20",7,1,"36.90",2,"reseller",NULL,"Central","paypal","pending",True,True,True,"reseller",False,True,"36.90","Pending"
9855,"2025-01-21 06:55:56",2,1,"63.60",32,"reseller",NULL,"East","credit_card","pending",True,True,True,"reseller",False,True,"63.60","Pending"
9860,"2025-07-26 23:31:46",2,4,"254.40",8,"store","WELCOME10","North","credit_card","pending",True,True,True,"store",True,True,"1017.60","Pending"
9907,"2025-11-18 10:36:05",7,10,"369.00",-5,"store","WELCOME10","East","paypal","completed",True,True,True,"store",True,True,"3690.00","Completed"
4224,"2025-06-19 15:14:20",3,6,"235.20",8,"online","STUDENT20","Central","credit_card","failed",True,True,True,"online",True,True,"1411.20","Failed"
4228,"2025-03-28 21:05:46",8,10,"500.00",133,"online",NULL,"Central","credit_card","pending",True,True,True,"online",False,True,"5000.00","Pending"
10067,"2025-01-28 14:41:19",1,7,"170.10",-5,"store",NULL,"West","debit_card","completed",True,True,True,"store",False,True,"1190.70","Completed"
10085,"2025-05-13 07:57:24",2,8,"508.80",-5,"online","STUDENT20","Central","cash","failed",True,True,True,"online",True,True,"4070.40","Failed"
10159,"2025-09-23 15:35:23",2,3,"190.80",-5,"store","WELCOME10","South","debit_card","pending",True,True,True,"store",True,True,"572.40","Pending"
4339,"2025-12-23 06:12:09",7,8,"295.20",2,"reseller",NULL,"North","cash","pending",True,True,True,"reseller",False,True,"2361.60","Pending"
10267,"2025-08-04 05:27:28",10,3,"299.97",32,"online",NULL,"South","paypal","failed",True,True,True,"online",False,True,"899.91","Failed"
10387,"2025-11-16 15:11:22",8,3,"150.00",133,"reseller","STUDENT20","North","debit_card","pending",True,True,True,"reseller",True,True,"450.00","Pending"
10429,"2025-01-23 20:34:01",8,2,"100.00",2,"store",NULL,"West","paypal","failed",True,True,True,"store",False,True,"200.00","Failed"
10432,"2025-06-24 04:33:42",7,1,"36.90",8,"store","HALFOFF","North","paypal","completed",True,True,True,"store",True,True,"36.90","Completed"
10482,"2025-08-10 05:58:35",5,10,"879.40",1,"reseller","STUDENT20","East","debit_card","completed",True,True,True,"reseller",True,True,"8794.00","Completed"
10528,"2025-07-08 17:23:50",7,10,"369.00",32,"online","STUDENT20","West","cash","failed",True,True,True,"online",True,True,"3690.00","Failed"
10588,"2025-03-20 10:37:14",10,10,"999.90",2,"store","STUDENT20","South","cash","completed",True,True,True,"store",True,True,"9999.00","Completed"
10589,"2025-11-22 16:09:05",1,10,"243.00",-5,"online","HALFOFF","Central","debit_card","pending",True,True,True,"online",True,True,"2430.00","Pending"
10608,"2025-04-20 01:18:01",10,8,"799.92",8,"reseller",NULL,"East","debit_card","completed",True,True,True,"reseller",False,True,"6399.36","Completed"
10689,"2025-05-21 04:45:34",10,3,"299.97",10,"online",NULL,"Central","credit_card","completed",True,True,True,"online",False,True,"899.91","Completed"
10704,"2025-05-21 03:52:39",2,8,"508.80",32,"reseller",NULL,"Central","credit_card","failed",True,True,True,"reseller",False,True,"4070.40","Failed"
10715,"2025-06-03 05:59:16",8,8,"400.00",1,"reseller",NULL,"West","debit_card","failed",True,True,True,"reseller",False,True,"3200.00","Failed"
10733,"2025-10-15 06:03:06",1,4,"97.20",8,"online",NULL,"North","debit_card","completed",True,True,True,"online",False,True,"388.80","Completed"
10748,"2025-08-12 10:37:48",1,4,"97.20",133,"store",NULL,"East","credit_card","pending",True,True,True,"store",False,True,"388.80","Pending"
10750,"2025-07-10 11:55:07",10,8,"799.92",999,"reseller","HALFOFF","West","credit_card","completed",True,True,True,"reseller",True,True,"6399.36","Completed"
10798,"2025-08-07 08:26:03",1,5,"121.50",8,"reseller",NULL,"Central","debit_card","failed",True,True,True,"reseller",False,True,"607.50","Failed"
10823,"2025-05-21 22:05:40",7,9,"332.10",-5,"reseller",NULL,"South","paypal","pending",True,True,True,"reseller",False,True,"2988.90","Pending"
10857,"2025-07-20 14:33:46",7,8,"295.20",1,"reseller",NULL,"South","debit_card","failed",True,True,True,"reseller",False,True,"2361.60","Failed"
10882,"2025-07-15 19:35:57",7,10,"369.00",8,"online",NULL,"South","credit_card","pending",True,True,True,"online",False,True,"3690.00","Pending"
10917,"2025-05-14 05:00:19",10,5,"499.95",999,"store",NULL,"Central","cash","failed",True,True,True,"store",False,True,"2499.75","Failed"
10922,"2025-04-06 03:31:03",7,6,"221.40",8,"online","HALFOFF","South","debit_card","failed",True,True,True,"online",True,True,"1328.40","Failed"
4674,"2025-12-12 07:11:09",7,1,"36.90",2,"store","HALFOFF","South","cash","failed",True,True,True,"store",True,True,"36.90","Failed"
10947,"2025-12-25 08:43:00",1,9,"218.70",8,"online",NULL,"North","debit_card","completed",True,True,True,"online",False,True,"1968.30","Completed"
10977,"2025-08-21 15:30:15",2,4,"254.40",8,"reseller",NULL,"South","cash","pending",True,True,True,"reseller",False,True,"1017.60","Pending"
11025,"2025-02-24 03:59:58",2,9,"572.40",-5,"online","STUDENT20","North","credit_card","completed",True,True,True,"online",True,True,"5151.60","Completed"
11044,"2025-11-02 06:50:00",7,8,"295.20",133,"reseller","HALFOFF","West","debit_card","completed",True,True,True,"reseller",True,True,"2361.60","Completed"
11060,"2025-06-06 13:06:55",10,5,"499.95",10,"reseller","STUDENT20","East","credit_card","pending",True,True,True,"reseller",True,True,"2499.75","Pending"
11090,"2025-05-18 13:44:59",10,4,"399.96",2,"online","STUDENT20","North","paypal","completed",True,True,True,"online",True,True,"1599.84","Completed"
11138,"2025-04-13 21:34:46",7,3,"110.70",10,"online",NULL,"West","debit_card","failed",True,True,True,"online",False,True,"332.10","Failed"
11155,"2025-12-14 16:18:03",2,6,"381.60",2,"store",NULL,"Central","credit_card","pending",True,True,True,"store",False,True,"2289.60","Pending"
11209,"2025-06-03 21:00:00",5,5,"439.70",2,"store","HALFOFF","West","paypal","pending",True,True,True,"store",True,True,"2198.50","Pending"
11283,"2025-05-12 07:44:48",10,5,"499.95",999,"online","WELCOME10","East","paypal","failed",True,True,True,"online",True,True,"2499.75","Failed"
11377,"2025-03-24 12:13:43",10,3,"299.97",8,"reseller",NULL,"West","paypal","completed",True,True,True,"reseller",False,True,"899.91","Completed"
11378,"2025-04-18 07:08:38",7,1,"36.90",10,"online","STUDENT20","East","debit_card","completed",True,True,True,"online",True,True,"36.90","Completed"
1371,"2025-07-19 23:34:51",5,6,"527.64",8,"online","HALFOFF","Central","paypal","completed",True,True,True,"online",True,True,"3165.84","Completed"
11524,"2025-03-12 09:31:00",2,2,"127.20",999,"reseller",NULL,"West","paypal","completed",True,True,True,"reseller",False,True,"254.40","Completed"
11579,"2025-04-14 00:54:19",10,5,"499.95",2,"reseller",NULL,"Central","credit_card","pending",True,True,True,"reseller",False,True,"2499.75","Pending"
11589,"2025-05-05 19:28:59",10,7,"699.93",8,"store",NULL,"East","debit_card","completed",True,True,True,"store",False,True,"4899.51","Completed"
11598,"2025-02-09 19:53:08",1,9,"218.70",8,"online",NULL,"Central","paypal","completed",True,True,True,"online",False,True,"1968.30","Completed"
11602,"2025-08-04 22:14:57",3,7,"274.40",8,"store",NULL,"South","paypal","completed",True,True,True,"store",False,True,"1920.80","Completed"
11630,"2025-09-23 03:37:49",1,5,"121.50",8,"store","HALFOFF","North","credit_card","completed",True,True,True,"store",True,True,"607.50","Completed"
11649,"2025-08-01 11:11:11",8,4,"200.00",2,"reseller",NULL,"Central","credit_card","failed",True,True,True,"reseller",False,True,"800.00","Failed"
11652,"2025-04-28 13:12:57",3,10,"392.00",8,"reseller","STUDENT20","West","debit_card","pending",True,True,True,"reseller",True,True,"3920.00","Pending"
11663,"2025-10-08 06:37:43",5,8,"703.52",1,"store",NULL,"East","credit_card","pending",True,True,True,"store",False,True,"5628.16","Pending"
11688,"2025-05-06 15:27:53",1,7,"170.10",999,"store",NULL,"East","cash","pending",True,True,True,"store",False,True,"1190.70","Pending"
11724,"2025-07-16 00:13:14",10,3,"299.97",999,"store","STUDENT20","South","debit_card","pending",True,True,True,"store",True,True,"899.91","Pending"
11769,"2025-09-02 13:47:35",7,10,"369.00",2,"store",NULL,"East","paypal","pending",True,True,True,"store",False,True,"3690.00","Pending"
11810,"2025-11-20 04:27:36",2,7,"445.20",999,"online",NULL,"Central","debit_card","completed",True,True,True,"online",False,True,"3116.40","Completed"
1486,"2025-04-26 10:07:04",2,1,"63.60",133,"reseller",NULL,"West","debit_card","pending",True,True,True,"reseller",False,True,"63.60","Pending"
11933,"2025-04-28 20:43:16",8,5,"250.00",8,"online","STUDENT20","Central","cash","completed",True,True,True,"online",True,True,"1250.00","Completed"
11954,"2025-01-19 20:31:03",8,10,"500.00",8,"reseller","STUDENT20","Central","debit_card","completed",True,True,True,"reseller",True,True,"5000.00","Completed"
11970,"2025-03-01 11:53:21",1,10,"243.00",-5,"online",NULL,"South","cash","failed",True,True,True,"online",False,True,"2430.00","Failed"
11989,"2025-07-09 23:09:27",5,4,"351.76",2,"store",NULL,"East","credit_card","completed",True,True,True,"store",False,True,"1407.04","Completed"
12042,"2025-02-19 23:43:21",8,7,"350.00",8,"online","WELCOME10","North","cash","pending",True,True,True,"online",True,True,"2450.00","Pending"
12095,"2025-01-22 00:21:55",3,3,"117.60",10,"reseller",NULL,"East","debit_card","completed",True,True,True,"reseller",False,True,"352.80","Completed"
12123,"2025-03-13 04:12:55",3,8,"313.60",1,"online","STUDENT20","West","debit_card","failed",True,True,True,"online",True,True,"2508.80","Failed"
12188,"2025-08-19 16:17:09",1,9,"218.70",8,"store",NULL,"South","credit_card","pending",True,True,True,"store",False,True,"1968.30","Pending"
12205,"2025-11-21 14:41:23",1,1,"24.30",8,"store","WELCOME10","North","paypal","failed",True,True,True,"store",True,True,"24.30","Failed"
12270,"2025-04-13 18:02:24",7,10,"369.00",8,"store",NULL,"Central","credit_card","pending",True,True,True,"store",False,True,"3690.00","Pending"
12285,"2025-10-15 07:05:20",2,5,"318.00",2,"reseller",NULL,"West","cash","completed",True,True,True,"reseller",False,True,"1590.00","Completed"
12299,"2025-07-04 07:55:08",3,2,"78.40",2,"online",NULL,"South","debit_card","failed",True,True,True,"online",False,True,"156.80","Failed"
12314,"2025-03-21 01:37:19",7,4,"147.60",8,"reseller",NULL,"West","debit_card","pending",True,True,True,"reseller",False,True,"590.40","Pending"
5354,"2025-10-26 22:03:50",2,8,"508.80",8,"online",NULL,"North","credit_card","completed",True,True,True,"online",False,True,"4070.40","Completed"
12389,"2025-12-10 11:51:08",3,6,"235.20",2,"store","HALFOFF","South","credit_card","failed",True,True,True,"store",True,True,"1411.20","Failed"
12420,"2025-01-02 17:43:46",5,9,"791.46",-5,"reseller",NULL,"West","cash","pending",True,True,True,"reseller",False,True,"7123.14","Pending"
12423,"2025-12-19 07:50:32",10,3,"299.97",999,"reseller",NULL,"North","debit_card","pending",True,True,True,"reseller",False,True,"899.91","Pending"
3991,"2025-02-07 07:49:48",5,6,"527.64",2,"reseller",NULL,"South","debit_card","failed",True,True,True,"reseller",False,True,"3165.84","Failed"
12488,"2025-11-12 02:44:57",10,8,"799.92",8,"store",NULL,"South","credit_card","completed",True,True,True,"store",False,True,"6399.36","Completed"
12538,"2025-11-14 20:24:12",2,8,"508.80",10,"store","STUDENT20","East","paypal","pending",True,True,True,"store",True,True,"4070.40","Pending"
12610,"2025-02-08 18:49:30",5,9,"791.46",999,"store","WELCOME10","South","credit_card","completed",True,True,True,"store",True,True,"7123.14","Completed"
5457,"2025-06-20 16:19:26",5,9,"791.46",1,"reseller","HALFOFF","North","credit_card","completed",True,True,True,"reseller",True,True,"7123.14","Completed"
12628,"2025-01-22 16:50:57",5,1,"87.94",8,"store","STUDENT20","North","credit_card","completed",True,True,True,"store",True,True,"87.94","Completed"
12670,"2025-11-21 18:41:13",1,9,"218.70",2,"store","HALFOFF","East","cash","completed",True,True,True,"store",True,True,"1968.30","Completed"
12672,"2025-02-09 12:07:14",1,4,"97.20",2,"store",NULL,"West","paypal","completed",True,True,True,"store",False,True,"388.80","Completed"
12732,"2025-09-11 19:52:49",2,3,"190.80",-5,"store","STUDENT20","South","debit_card","pending",True,True,True,"store",True,True,"572.40","Pending"
12742,"2025-07-06 23:27:04",10,8,"799.92",2,"reseller",NULL,"South","cash","pending",True,True,True,"reseller",False,True,"6399.36","Pending"
12744,"2025-08-17 17:39:16",7,5,"184.50",2,"online",NULL,"West","credit_card","failed",True,True,True,"online",False,True,"922.50","Failed"
12745,"2025-06-23 18:16:39",5,1,"87.94",10,"online","HALFOFF","Central","cash","completed",True,True,True,"online",True,True,"87.94","Completed"
12763,"2025-06-10 00:56:10",2,10,"636.00",999,"store",NULL,"North","credit_card","failed",True,True,True,"store",False,True,"6360.00","Failed"
12812,"2025-05-28 01:10:00",10,1,"99.99",8,"online","HALFOFF","South","cash","failed",True,True,True,"online",True,True,"99.99","Failed"
5577,"2025-05-17 04:44:48",10,6,"599.94",2,"store","HALFOFF","South","credit_card","failed",True,True,True,"store",True,True,"3599.64","Failed"
12893,"2025-10-11 08:18:46",10,7,"699.93",133,"reseller",NULL,"Central","debit_card","failed",True,True,True,"reseller",False,True,"4899.51","Failed"
12897,"2025-03-10 07:58:45",5,8,"703.52",133,"reseller",NULL,"North","paypal","failed",True,True,True,"reseller",False,True,"5628.16","Failed"
12898,"2025-01-14 08:50:30",7,8,"295.20",1,"store","HALFOFF","South","debit_card","failed",True,True,True,"store",True,True,"2361.60","Failed"
12960,"2025-10-07 11:45:09",2,1,"63.60",2,"store",NULL,"East","debit_card","failed",True,True,True,"store",False,True,"63.60","Failed"
12977,"2025-01-10 08:48:38",2,7,"445.20",10,"online",NULL,"East","paypal","failed",True,True,True,"online",False,True,"3116.40","Failed"
13013,"2025-03-18 22:14:23",2,6,"381.60",1,"store","HALFOFF","East","paypal","pending",True,True,True,"store",True,True,"2289.60","Pending"
13028,"2025-12-15 21:30:45",3,8,"313.60",32,"online","STUDENT20","West","cash","pending",True,True,True,"online",True,True,"2508.80","Pending"
13057,"2025-11-28 01:01:46",8,3,"150.00",8,"online",NULL,"West","cash","pending",True,True,True,"online",False,True,"450.00","Pending"
13063,"2025-04-07 10:38:25",10,8,"799.92",10,"online","WELCOME10","East","debit_card","completed",True,True,True,"online",True,True,"6399.36","Completed"
13150,"2025-04-10 00:24:45",10,10,"999.90",999,"reseller",NULL,"East","cash","failed",True,True,True,"reseller",False,True,"9999.00","Failed"
13230,"2025-02-08 23:38:05",1,1,"24.30",8,"online",NULL,"West","debit_card","pending",True,True,True,"online",False,True,"24.30","Pending"
6006,"2025-03-01 15:03:07",8,3,"150.00",32,"online",NULL,"North","credit_card","pending",True,True,True,"online",False,True,"450.00","Pending"
13285,"2025-08-18 21:11:13",10,1,"99.99",32,"online","STUDENT20","East","credit_card","failed",True,True,True,"online",True,True,"99.99","Failed"
13318,"2025-06-16 10:26:46",7,1,"36.90",10,"online",NULL,"North","paypal","failed",True,True,True,"online",False,True,"36.90","Failed"
13333,"2025-11-04 09:46:03",10,5,"499.95",999,"reseller",NULL,"North","cash","failed",True,True,True,"reseller",False,True,"2499.75","Failed"
13360,"2025-05-02 16:41:28",5,1,"87.94",133,"online","WELCOME10","Central","credit_card","pending",True,True,True,"online",True,True,"87.94","Pending"
13363,"2025-04-03 23:21:18",8,1,"50.00",8,"store",NULL,"South","debit_card","completed",True,True,True,"store",False,True,"50.00","Completed"
13378,"2025-04-19 00:17:03",10,9,"899.91",2,"online","HALFOFF","South","cash","completed",True,True,True,"online",True,True,"8099.19","Completed"
13414,"2025-07-02 11:39:20",1,5,"121.50",999,"reseller",NULL,"West","credit_card","failed",True,True,True,"reseller",False,True,"607.50","Failed"
13460,"2025-07-15 06:54:23",2,4,"254.40",8,"online",NULL,"South","debit_card","pending",True,True,True,"online",False,True,"1017.60","Pending"
13467,"2025-05-04 11:04:56",2,5,"318.00",8,"store",NULL,"North","credit_card","failed",True,True,True,"store",False,True,"1590.00","Failed"
5894,"2025-08-28 08:50:08",10,9,"899.91",133,"store",NULL,"West","paypal","failed",True,True,True,"store",False,True,"8099.19","Failed"
5895,"2025-01-08 07:00:53",2,10,"636.00",2,"store",NULL,"East","paypal","completed",True,True,True,"store",False,True,"6360.00","Completed"
5905,"2025-08-07 05:58:47",5,5,"439.70",2,"reseller",NULL,"West","debit_card","pending",True,True,True,"reseller",False,True,"2198.50","Pending"
13538,"2025-06-01 00:32:48",1,7,"170.10",8,"online","HALFOFF","Central","cash","failed",True,True,True,"online",True,True,"1190.70","Failed"
13570,"2025-01-28 15:25:17",3,6,"235.20",2,"store","HALFOFF","South","debit_card","failed",True,True,True,"store",True,True,"1411.20","Failed"
13605,"2025-05-12 02:57:56",7,7,"258.30",2,"online","WELCOME10","South","credit_card","completed",True,True,True,"online",True,True,"1808.10","Completed"
13649,"2025-02-07 17:09:58",7,7,"258.30",2,"online",NULL,"East","paypal","pending",True,True,True,"online",False,True,"1808.10","Pending"
13712,"2025-04-09 15:16:36",7,1,"36.90",8,"online","WELCOME10","South","paypal","pending",True,True,True,"online",True,True,"36.90","Pending"
13735,"2025-02-01 03:00:06",10,6,"599.94",8,"online",NULL,"Central","cash","failed",True,True,True,"online",False,True,"3599.64","Failed"
13760,"2025-03-27 14:57:10",8,6,"300.00",10,"store",NULL,"East","paypal","pending",True,True,True,"store",False,True,"1800.00","Pending"
13799,"2025-03-06 18:54:25",3,6,"235.20",8,"store","STUDENT20","Central","paypal","failed",True,True,True,"store",True,True,"1411.20","Failed"
13804,"2025-02-11 23:10:36",10,2,"199.98",133,"reseller","WELCOME10","North","paypal","pending",True,True,True,"reseller",True,True,"399.96","Pending"
13835,"2025-03-04 11:08:25",10,1,"99.99",8,"online",NULL,"West","credit_card","pending",True,True,True,"online",False,True,"99.99","Pending"
13867,"2025-07-17 01:51:04",1,3,"72.90",2,"store","HALFOFF","North","cash","pending",True,True,True,"store",True,True,"218.70","Pending"
13878,"2025-08-18 01:43:20",1,2,"48.60",2,"store",NULL,"South","debit_card","failed",True,True,True,"store",False,True,"97.20","Failed"
13919,"2025-04-24 00:57:48",2,9,"572.40",10,"reseller","HALFOFF","West","paypal","failed",True,True,True,"reseller",True,True,"5151.60","Failed"
13958,"2025-08-10 02:04:33",5,5,"439.70",-5,"store",NULL,"East","debit_card","pending",True,True,True,"store",False,True,"2198.50","Pending"
13959,"2025-07-05 08:41:02",3,4,"156.80",999,"reseller","STUDENT20","Central","cash","completed",True,True,True,"reseller",True,True,"627.20","Completed"
13969,"2025-01-22 05:02:48",2,4,"254.40",-5,"store",NULL,"North","cash","pending",True,True,True,"store",False,True,"1017.60","Pending"
14007,"2025-02-01 13:16:52",5,3,"263.82",8,"online",NULL,"South","credit_card","failed",True,True,True,"online",False,True,"791.46","Failed"
14035,"2025-01-08 11:08:57",3,3,"117.60",10,"online",NULL,"Central","debit_card","failed",True,True,True,"online",False,True,"352.80","Failed"
14039,"2025-07-17 10:54:47",3,2,"78.40",10,"store","STUDENT20","South","debit_card","pending",True,True,True,"store",True,True,"156.80","Pending"
14048,"2025-09-03 07:52:39",8,4,"200.00",133,"store","STUDENT20","North","paypal","completed",True,True,True,"store",True,True,"800.00","Completed"
14054,"2025-01-21 12:40:52",7,9,"332.10",1,"store","WELCOME10","West","cash","pending",True,True,True,"store",True,True,"2988.90","Pending"
14068,"2025-01-16 20:42:19",10,6,"599.94",2,"reseller",NULL,"North","paypal","failed",True,True,True,"reseller",False,True,"3599.64","Failed"
14098,"2025-02-25 13:08:13",2,10,"636.00",32,"online","WELCOME10","East","cash","pending",True,True,True,"online",True,True,"6360.00","Pending"
14137,"2025-02-02 13:50:58",2,5,"318.00",2,"online","STUDENT20","Central","credit_card","failed",True,True,True,"online",True,True,"1590.00","Failed"
14157,"2025-08-09 19:32:13",3,7,"274.40",-5,"store","WELCOME10","East","cash","failed",True,True,True,"store",True,True,"1920.80","Failed"
14170,"2025-07-22 01:08:24",10,9,"899.91",-5,"store",NULL,"East","paypal","completed",True,True,True,"store",False,True,"8099.19","Completed"
14209,"2025-12-04 18:13:46",1,2,"48.60",8,"store","HALFOFF","South","cash","failed",True,True,True,"store",True,True,"97.20","Failed"
14247,"2025-11-01 17:55:19",8,9,"450.00",2,"store",NULL,"West","cash","completed",True,True,True,"store",False,True,"4050.00","Completed"
14293,"2025-12-27 19:26:25",2,2,"127.20",32,"reseller",NULL,"South","credit_card","completed",True,True,True,"reseller",False,True,"254.40","Completed"
14355,"2025-12-27 10:52:59",10,5,"499.95",-5,"reseller",NULL,"South","paypal","pending",True,True,True,"reseller",False,True,"2499.75","Pending"
14358,"2025-02-22 06:19:03",2,10,"636.00",1,"online",NULL,"North","cash","pending",True,True,True,"online",False,True,"6360.00","Pending"
14369,"2025-03-26 15:33:33",1,2,"48.60",32,"online","STUDENT20","East","paypal","completed",True,True,True,"online",True,True,"97.20","Completed"
14405,"2025-04-01 04:46:08",5,8,"703.52",2,"store","STUDENT20","South","cash","completed",True,True,True,"store",True,True,"5628.16","Completed"
14433,"2025-09-21 11:14:14",1,10,"243.00",8,"store",NULL,"West","cash","failed",True,True,True,"store",False,True,"2430.00","Failed"
14518,"2025-08-22 15:26:04",5,10,"879.40",999,"reseller","STUDENT20","North","debit_card","failed",True,True,True,"reseller",True,True,"8794.00","Failed"
14544,"2025-11-10 13:55:44",2,5,"318.00",1,"online","HALFOFF","Central","credit_card","completed",True,True,True,"online",True,True,"1590.00","Completed"
14572,"2025-11-22 09:15:19",10,1,"99.99",8,"reseller","WELCOME10","Central","debit_card","failed",True,True,True,"reseller",True,True,"99.99","Failed"
6352,"2025-05-02 17:27:09",10,8,"799.92",1,"online",NULL,"East","cash","failed",True,True,True,"online",False,True,"6399.36","Failed"
14617,"2025-01-06 00:30:41",3,6,"235.20",8,"store",NULL,"North","cash","pending",True,True,True,"store",False,True,"1411.20","Pending"
14660,"2025-08-25 20:51:52",3,9,"352.80",10,"reseller","WELCOME10","West","paypal","completed",True,True,True,"reseller",True,True,"3175.20","Completed"
14695,"2025-10-24 13:20:16",2,6,"381.60",32,"online",NULL,"South","debit_card","pending",True,True,True,"online",False,True,"2289.60","Pending"
14713,"2025-11-01 10:52:49",2,1,"63.60",133,"reseller","HALFOFF","East","debit_card","failed",True,True,True,"reseller",True,True,"63.60","Failed"
14748,"2025-04-09 12:00:31",2,7,"445.20",10,"reseller","HALFOFF","East","paypal","failed",True,True,True,"reseller",True,True,"3116.40","Failed"
14787,"2025-04-12 21:55:37",1,3,"72.90",8,"reseller","WELCOME10","West","cash","completed",True,True,True,"reseller",True,True,"218.70","Completed"
4576,"2025-10-05 17:48:16",10,3,"299.97",10,"online",NULL,"North","cash","pending",True,True,True,"online",False,True,"899.91","Pending"
14803,"2025-03-16 02:22:17",10,1,"99.99",2,"reseller","STUDENT20","North","debit_card","completed",True,True,True,"reseller",True,True,"99.99","Completed"
14807,"2025-12-22 11:26:54",8,6,"300.00",-5,"store",NULL,"East","debit_card","pending",True,True,True,"store",False,True,"1800.00","Pending"
6463,"2025-02-02 05:31:39",7,8,"295.20",32,"store",NULL,"North","cash","completed",True,True,True,"store",False,True,"2361.60","Completed"
14902,"2025-10-13 00:13:01",5,10,"879.40",10,"reseller","STUDENT20","West","paypal","completed",True,True,True,"reseller",True,True,"8794.00","Completed"
14917,"2025-08-04 10:46:50",8,8,"400.00",10,"online",NULL,"South","paypal","pending",True,True,True,"online",False,True,"3200.00","Pending"
14930,"2025-11-04 10:12:56",3,9,"352.80",2,"reseller","WELCOME10","East","paypal","failed",True,True,True,"reseller",True,True,"3175.20","Failed"
14948,"2025-06-20 01:35:42",2,1,"63.60",10,"store",NULL,"North","paypal","pending",True,True,True,"store",False,True,"63.60","Pending"
14959,"2025-10-18 03:00:16",5,4,"351.76",2,"reseller","WELCOME10","North","paypal","failed",True,True,True,"reseller",True,True,"1407.04","Failed"
14969,"2025-09-27 02:11:45",7,2,"73.80",2,"online","STUDENT20","South","credit_card","failed",True,True,True,"online",True,True,"147.60","Failed"
14973,"2025-09-01 01:59:13",10,5,"499.95",2,"reseller","WELCOME10","West","paypal","failed",True,True,True,"reseller",True,True,"2499.75","Failed"
6569,"2025-07-13 09:15:39",3,8,"313.60",2,"reseller",NULL,"North","debit_card","failed",True,True,True,"reseller",False,True,"2508.80","Failed"
6579,"2025-03-09 21:37:15",2,3,"190.80",999,"store","WELCOME10","South","cash","completed",True,True,True,"store",True,True,"572.40","Completed"
15085,"2025-07-26 19:21:25",10,4,"399.96",2,"online",NULL,"Central","debit_card","completed",True,True,True,"online",False,True,"1599.84","Completed"
15153,"2025-12-21 00:54:36",10,9,"899.91",8,"reseller","HALFOFF","East","cash","completed",True,True,True,"reseller",True,True,"8099.19","Completed"
15165,"2025-07-09 12:12:52",7,9,"332.10",2,"store","WELCOME10","East","cash","completed",True,True,True,"store",True,True,"2988.90","Completed"
15180,"2025-08-13 22:46:37",8,3,"150.00",10,"online",NULL,"East","paypal","pending",True,True,True,"online",False,True,"450.00","Pending"
15182,"2025-11-22 02:30:39",10,4,"399.96",10,"store",NULL,"South","paypal","completed",True,True,True,"store",False,True,"1599.84","Completed"
6684,"2025-02-05 20:27:27",10,2,"199.98",133,"online","HALFOFF","North","credit_card","failed",True,True,True,"online",True,True,"399.96","Failed"
15207,"2025-01-13 10:03:34",2,9,"572.40",1,"online",NULL,"West","credit_card","completed",True,True,True,"online",False,True,"5151.60","Completed"
15319,"2025-09-01 12:52:31",7,6,"221.40",10,"reseller","WELCOME10","East","paypal","completed",True,True,True,"reseller",True,True,"1328.40","Completed"
15333,"2025-05-06 13:46:41",1,7,"170.10",8,"reseller",NULL,"North","credit_card","failed",True,True,True,"reseller",False,True,"1190.70","Failed"
15344,"2025-12-22 21:19:52",2,2,"127.20",8,"store",NULL,"East","credit_card","pending",True,True,True,"store",False,True,"254.40","Pending"
15467,"2025-11-19 08:18:35",5,2,"175.88",10,"reseller","HALFOFF","Central","credit_card","completed",True,True,True,"reseller",True,True,"351.76","Completed"
6891,"2025-02-18 20:42:48",5,3,"263.82",2,"reseller","HALFOFF","North","paypal","completed",True,True,True,"reseller",True,True,"791.46","Completed"
15490,"2025-10-05 17:24:34",2,10,"636.00",8,"online",NULL,"Central","debit_card","completed",True,True,True,"online",False,True,"6360.00","Completed"
15492,"2025-11-09 10:47:33",3,4,"156.80",32,"store",NULL,"East","cash","failed",True,True,True,"store",False,True,"627.20","Failed"
15533,"2025-11-28 13:13:47",10,3,"299.97",1,"reseller",NULL,"North","cash","failed",True,True,True,"reseller",False,True,"899.91","Failed"
15544,"2025-07-11 18:31:29",1,10,"243.00",8,"reseller",NULL,"South","paypal","failed",True,True,True,"reseller",False,True,"2430.00","Failed"
15569,"2025-11-11 23:22:49",1,4,"97.20",32,"reseller","WELCOME10","West","credit_card","completed",True,True,True,"reseller",True,True,"388.80","Completed"
15572,"2025-01-28 06:16:06",10,8,"799.92",32,"online","HALFOFF","South","debit_card","completed",True,True,True,"online",True,True,"6399.36","Completed"
15604,"2025-08-01 01:55:02",8,9,"450.00",1,"online","WELCOME10","South","credit_card","pending",True,True,True,"online",True,True,"4050.00","Pending"
15737,"2025-07-22 21:47:00",10,6,"599.94",10,"online",NULL,"North","credit_card","failed",True,True,True,"online",False,True,"3599.64","Failed"
15844,"2025-01-19 09:29:22",7,1,"36.90",-5,"reseller",NULL,"Central","debit_card","failed",True,True,True,"reseller",False,True,"36.90","Failed"
15864,"2025-11-15 21:46:52",2,3,"190.80",2,"store","WELCOME10","South","debit_card","completed",True,True,True,"store",True,True,"572.40","Completed"
15865,"2025-12-26 06:22:11",5,2,"175.88",1,"online","HALFOFF","North","paypal","pending",True,True,True,"online",True,True,"351.76","Pending"
15868,"2025-11-18 20:01:34",7,8,"295.20",-5,"online","STUDENT20","North","credit_card","failed",True,True,True,"online",True,True,"2361.60","Failed"
15874,"2025-04-18 20:54:34",7,8,"295.20",8,"online",NULL,"South","paypal","pending",True,True,True,"online",False,True,"2361.60","Pending"
15937,"2025-03-16 03:22:29",7,1,"36.90",8,"store",NULL,"West","cash","pending",True,True,True,"store",False,True,"36.90","Pending"
15942,"2025-02-13 08:05:58",7,8,"295.20",32,"online",NULL,"East","paypal","pending",True,True,True,"online",False,True,"2361.60","Pending"
15957,"2025-09-23 03:22:47",2,6,"381.60",8,"reseller","STUDENT20","Central","cash","pending",True,True,True,"reseller",True,True,"2289.60","Pending"
16018,"2025-10-06 21:14:57",7,8,"295.20",2,"online",NULL,"Central","cash","completed",True,True,True,"online",False,True,"2361.60","Completed"
16037,"2025-02-04 23:38:06",2,3,"190.80",133,"store",NULL,"South","debit_card","completed",True,True,True,"store",False,True,"572.40","Completed"
16055,"2025-11-28 23:16:33",2,7,"445.20",10,"online",NULL,"Central","paypal","pending",True,True,True,"online",False,True,"3116.40","Pending"
16065,"2025-01-26 14:23:27",10,2,"199.98",8,"store",NULL,"North","debit_card","completed",True,True,True,"store",False,True,"399.96","Completed"
16074,"2025-09-10 09:24:40",5,6,"527.64",32,"online",NULL,"North","paypal","pending",True,True,True,"online",False,True,"3165.84","Pending"
16082,"2025-06-10 02:20:17",7,8,"295.20",2,"online",NULL,"Central","credit_card","pending",True,True,True,"online",False,True,"2361.60","Pending"
16133,"2025-12-22 15:09:31",8,1,"50.00",-5,"reseller",NULL,"North","debit_card","failed",True,True,True,"reseller",False,True,"50.00","Failed"
16135,"2025-02-26 03:59:03",1,6,"145.80",32,"store",NULL,"East","debit_card","failed",True,True,True,"store",False,True,"874.80","Failed"
7123,"2025-04-04 10:00:21",10,5,"499.95",999,"store","STUDENT20","Central","credit_card","completed",True,True,True,"store",True,True,"2499.75","Completed"
7124,"2025-02-23 19:46:11",5,3,"263.82",133,"online","WELCOME10","South","credit_card","completed",True,True,True,"online",True,True,"791.46","Completed"
16203,"2025-09-04 11:33:44",2,4,"254.40",133,"online","HALFOFF","South","paypal","failed",True,True,True,"online",True,True,"1017.60","Failed"
13856,"2025-07-23 21:54:05",2,7,"445.20",10,"reseller","STUDENT20","South","credit_card","pending",True,True,True,"reseller",True,True,"3116.40","Pending"
16277,"2025-06-15 11:57:39",10,8,"799.92",2,"online","STUDENT20","West","credit_card","completed",True,True,True,"online",True,True,"6399.36","Completed"
16280,"2025-04-28 17:02:03",10,4,"399.96",8,"store",NULL,"West","cash","pending",True,True,True,"store",False,True,"1599.84","Pending"
16403,"2025-03-25 20:51:26",5,6,"527.64",8,"online","STUDENT20","West","paypal","failed",True,True,True,"online",True,True,"3165.84","Failed"
16427,"2025-03-01 06:00:37",1,1,"24.30",999,"online",NULL,"West","credit_card","pending",True,True,True,"online",False,True,"24.30","Pending"
16434,"2025-06-15 00:41:07",2,4,"254.40",1,"online","HALFOFF","Central","paypal","pending",True,True,True,"online",True,True,"1017.60","Pending"
16465,"2025-08-04 20:31:03",7,8,"295.20",10,"reseller","WELCOME10","South","credit_card","completed",True,True,True,"reseller",True,True,"2361.60","Completed"
16467,"2025-11-16 22:26:21",10,10,"999.90",1,"online","HALFOFF","North","credit_card","failed",True,True,True,"online",True,True,"9999.00","Failed"
16478,"2025-09-11 09:03:15",7,5,"184.50",8,"online",NULL,"South","paypal","completed",True,True,True,"online",False,True,"922.50","Completed"
16505,"2025-08-28 03:24:01",8,5,"250.00",8,"reseller","STUDENT20","West","paypal","completed",True,True,True,"reseller",True,True,"1250.00","Completed"
16510,"2025-11-27 20:02:24",2,7,"445.20",2,"online","HALFOFF","North","debit_card","pending",True,True,True,"online",True,True,"3116.40","Pending"
16520,"2025-10-21 08:22:32",7,10,"369.00",2,"online",NULL,"North","debit_card","failed",True,True,True,"online",False,True,"3690.00","Failed"
16530,"2025-05-21 13:36:16",2,4,"254.40",133,"store",NULL,"North","credit_card","failed",True,True,True,"store",False,True,"1017.60","Failed"
16567,"2025-07-22 00:31:27",5,5,"439.70",32,"reseller",NULL,"Central","debit_card","failed",True,True,True,"reseller",False,True,"2198.50","Failed"
16689,"2025-03-07 23:13:30",3,7,"274.40",-5,"store","WELCOME10","West","credit_card","failed",True,True,True,"store",True,True,"1920.80","Failed"
16744,"2025-04-18 19:36:13",3,7,"274.40",10,"online",NULL,"South","paypal","pending",True,True,True,"online",False,True,"1920.80","Pending"
16842,"2025-06-18 21:41:38",5,9,"791.46",1,"reseller","STUDENT20","West","paypal","completed",True,True,True,"reseller",True,True,"7123.14","Completed"
16858,"2025-06-23 12:49:58",7,1,"36.90",2,"reseller",NULL,"North","debit_card","failed",True,True,True,"reseller",False,True,"36.90","Failed"
16860,"2025-01-08 16:54:42",3,5,"196.00",-5,"reseller","WELCOME10","South","credit_card","completed",True,True,True,"reseller",True,True,"980.00","Completed"
16903,"2025-02-23 02:46:33",3,5,"196.00",-5,"store","WELCOME10","Central","credit_card","completed",True,True,True,"store",True,True,"980.00","Completed"
16925,"2025-03-25 07:58:23",2,7,"445.20",-5,"online",NULL,"South","credit_card","completed",True,True,True,"online",False,True,"3116.40","Completed"
16957,"2025-11-22 00:54:15",10,5,"499.95",999,"reseller",NULL,"East","debit_card","completed",True,True,True,"reseller",False,True,"2499.75","Completed"
16985,"2025-05-08 15:45:51",2,4,"254.40",10,"online","HALFOFF","South","debit_card","completed",True,True,True,"online",True,True,"1017.60","Completed"
17033,"2025-10-23 05:40:20",3,6,"235.20",8,"online",NULL,"North","credit_card","pending",True,True,True,"online",False,True,"1411.20","Pending"
17057,"2025-10-26 06:35:49",10,2,"199.98",1,"store","WELCOME10","South","debit_card","completed",True,True,True,"store",True,True,"399.96","Completed"
17065,"2025-02-06 00:12:53",10,2,"199.98",32,"online","HALFOFF","Central","cash","completed",True,True,True,"online",True,True,"399.96","Completed"
17070,"2025-05-16 01:05:05",3,3,"117.60",10,"online","HALFOFF","West","debit_card","completed",True,True,True,"online",True,True,"352.80","Completed"
17080,"2025-04-21 13:17:32",7,3,"110.70",999,"store","STUDENT20","North","debit_card","completed",True,True,True,"store",True,True,"332.10","Completed"
17092,"2025-11-13 08:18:59",7,10,"369.00",2,"store",NULL,"West","credit_card","pending",True,True,True,"store",False,True,"3690.00","Pending"
17102,"2025-07-10 23:48:52",1,10,"243.00",133,"store",NULL,"North","credit_card","pending",True,True,True,"store",False,True,"2430.00","Pending"
17212,"2025-04-20 19:35:46",2,3,"190.80",133,"reseller",NULL,"East","cash","failed",True,True,True,"reseller",False,True,"572.40","Failed"
17227,"2025-03-04 23:51:28",5,8,"703.52",133,"online","WELCOME10","North","cash","pending",True,True,True,"online",True,True,"5628.16","Pending"
17299,"2025-12-04 22:32:29",7,5,"184.50",10,"reseller",NULL,"Central","credit_card","pending",True,True,True,"reseller",False,True,"922.50","Pending"
17302,"2025-11-18 21:47:01",2,4,"254.40",133,"reseller","WELCOME10","South","paypal","completed",True,True,True,"reseller",True,True,"1017.60","Completed"
17390,"2025-02-18 19:16:50",10,6,"599.94",999,"online",NULL,"South","debit_card","failed",True,True,True,"online",False,True,"3599.64","Failed"
17393,"2025-10-06 16:59:20",10,5,"499.95",1,"online",NULL,"West","paypal","pending",True,True,True,"online",False,True,"2499.75","Pending"
17414,"2025-04-15 05:06:42",7,6,"221.40",2,"online","HALFOFF","West","cash","failed",True,True,True,"online",True,True,"1328.40","Failed"
17483,"2025-05-20 23:52:17",10,8,"799.92",2,"reseller",NULL,"North","paypal","pending",True,True,True,"reseller",False,True,"6399.36","Pending"
17519,"2025-08-07 15:04:34",10,10,"999.90",1,"online",NULL,"West","paypal","failed",True,True,True,"online",False,True,"9999.00","Failed"
17567,"2025-11-05 00:40:43",5,6,"527.64",2,"reseller","WELCOME10","West","credit_card","pending",True,True,True,"reseller",True,True,"3165.84","Pending"
17602,"2025-09-08 15:44:03",10,8,"799.92",8,"online",NULL,"South","debit_card","pending",True,True,True,"online",False,True,"6399.36","Pending"
7778,"2025-02-11 06:17:09",7,9,"332.10",-5,"store","WELCOME10","North","paypal","completed",True,True,True,"store",True,True,"2988.90","Completed"
17657,"2025-05-19 04:47:16",5,10,"879.40",8,"reseller",NULL,"East","cash","pending",True,True,True,"reseller",False,True,"8794.00","Pending"
17732,"2025-09-16 23:27:07",7,6,"221.40",10,"reseller","STUDENT20","West","credit_card","pending",True,True,True,"reseller",True,True,"1328.40","Pending"
17800,"2025-05-22 06:15:27",8,1,"50.00",133,"reseller","WELCOME10","South","paypal","completed",True,True,True,"reseller",True,True,"50.00","Completed"
17837,"2025-01-07 18:44:28",2,7,"445.20",32,"online","STUDENT20","Central","debit_card","failed",True,True,True,"online",True,True,"3116.40","Failed"
17867,"2025-07-17 04:11:19",8,7,"350.00",133,"store","WELCOME10","North","credit_card","completed",True,True,True,"store",True,True,"2450.00","Completed"
17887,"2025-09-24 12:54:14",10,10,"999.90",999,"online",NULL,"South","credit_card","failed",True,True,True,"online",False,True,"9999.00","Failed"
17973,"2025-07-21 18:17:51",2,1,"63.60",8,"store",NULL,"South","cash","failed",True,True,True,"store",False,True,"63.60","Failed"
18000,"2025-03-19 16:20:49",1,2,"48.60",-5,"online",NULL,"West","debit_card","pending",True,True,True,"online",False,True,"97.20","Pending"
18020,"2025-10-16 21:38:56",2,10,"636.00",-5,"online","WELCOME10","South","debit_card","failed",True,True,True,"online",True,True,"6360.00","Failed"
18038,"2025-10-02 10:35:25",8,1,"50.00",2,"store",NULL,"South","credit_card","pending",True,True,True,"store",False,True,"50.00","Pending"
18045,"2025-05-08 11:16:27",8,8,"400.00",8,"online","HALFOFF","West","cash","completed",True,True,True,"online",True,True,"3200.00","Completed"
18092,"2025-03-27 11:08:28",5,3,"263.82",133,"store",NULL,"Central","cash","pending",True,True,True,"store",False,True,"791.46","Pending"
18144,"2025-04-10 07:27:44",2,10,"636.00",999,"reseller",NULL,"East","debit_card","completed",True,True,True,"reseller",False,True,"6360.00","Completed"
18150,"2025-07-02 01:32:53",8,1,"50.00",999,"reseller","WELCOME10","South","debit_card","completed",True,True,True,"reseller",True,True,"50.00","Completed"
18170,"2025-08-26 05:35:18",8,6,"300.00",8,"reseller","STUDENT20","South","paypal","completed",True,True,True,"reseller",True,True,"1800.00","Completed"
18219,"2025-09-16 07:22:53",1,4,"97.20",32,"online",NULL,"North","debit_card","failed",True,True,True,"online",False,True,"388.80","Failed"
18220,"2025-11-13 08:29:57",3,6,"235.20",-5,"store",NULL,"West","debit_card","pending",True,True,True,"store",False,True,"1411.20","Pending"
18279,"2025-02-13 18:53:19",2,10,"636.00",10,"online","STUDENT20","Central","paypal","completed",True,True,True,"online",True,True,"6360.00","Completed"
18314,"2025-08-20 00:51:41",10,7,"699.93",8,"reseller",NULL,"East","cash","completed",True,True,True,"reseller",False,True,"4899.51","Completed"
18322,"2025-08-19 01:07:14",10,6,"599.94",8,"reseller","HALFOFF","East","cash","pending",True,True,True,"reseller",True,True,"3599.64","Pending"
18339,"2025-02-13 18:28:55",2,3,"190.80",8,"reseller","WELCOME10","Central","debit_card","failed",True,True,True,"reseller",True,True,"572.40","Failed"
18369,"2025-08-06 17:25:27",1,1,"24.30",-5,"reseller",NULL,"West","paypal","completed",True,True,True,"reseller",False,True,"24.30","Completed"
18373,"2025-05-04 19:48:42",5,10,"879.40",2,"reseller","WELCOME10","Central","credit_card","pending",True,True,True,"reseller",True,True,"8794.00","Pending"
18443,"2025-11-17 11:06:49",10,1,"99.99",-5,"store","WELCOME10","East","debit_card","failed",True,True,True,"store",True,True,"99.99","Failed"
18495,"2025-07-02 03:00:36",2,2,"127.20",2,"reseller","HALFOFF","East","credit_card","failed",True,True,True,"reseller",True,True,"254.40","Failed"
18528,"2025-11-06 00:39:19",1,2,"48.60",10,"reseller","WELCOME10","North","paypal","failed",True,True,True,"reseller",True,True,"97.20","Failed"
18542,"2025-02-11 12:01:06",2,10,"636.00",10,"reseller",NULL,"North","paypal","completed",True,True,True,"reseller",False,True,"6360.00","Completed"
18590,"2025-10-01 00:39:09",10,3,"299.97",-5,"reseller","WELCOME10","Central","cash","pending",True,True,True,"reseller",True,True,"899.91","Pending"
18737,"2025-06-05 07:27:21",3,6,"235.20",8,"online",NULL,"South","cash","completed",True,True,True,"online",False,True,"1411.20","Completed"
18827,"2025-10-28 19:26:19",5,6,"527.64",2,"store",NULL,"Central","cash","failed",True,True,True,"store",False,True,"3165.84","Failed"
18869,"2025-06-26 13:56:36",10,7,"699.93",8,"store","WELCOME10","Central","debit_card","failed",True,True,True,"store",True,True,"4899.51","Failed"
18521,"2025-08-25 10:35:36",2,1,"63.60",2,"store","HALFOFF","North","paypal","completed",True,True,True,"store",True,True,"63.60","Completed"
18875,"2025-11-07 14:54:46",5,6,"527.64",2,"online","HALFOFF","South","paypal","failed",True,True,True,"online",True,True,"3165.84","Failed"
18924,"2025-07-02 11:48:31",2,9,"572.40",1,"reseller","STUDENT20","East","cash","completed",True,True,True,"reseller",True,True,"5151.60","Completed"
18927,"2025-04-07 23:59:18",8,5,"250.00",8,"online",NULL,"South","cash","pending",True,True,True,"online",False,True,"1250.00","Pending"
8339,"2025-06-01 02:34:53",2,5,"318.00",2,"store","WELCOME10","West","debit_card","pending",True,True,True,"store",True,True,"1590.00","Pending"
18945,"2025-11-19 09:39:36",5,10,"879.40",32,"store",NULL,"East","debit_card","pending",True,True,True,"store",False,True,"8794.00","Pending"
18954,"2025-01-18 15:40:09",2,2,"127.20",2,"reseller","HALFOFF","West","cash","pending",True,True,True,"reseller",True,True,"254.40","Pending"
18994,"2025-04-23 14:25:56",1,8,"194.40",8,"online","STUDENT20","East","paypal","completed",True,True,True,"online",True,True,"1555.20","Completed"
19093,"2025-07-22 07:41:28",5,5,"439.70",133,"store","STUDENT20","Central","credit_card","failed",True,True,True,"store",True,True,"2198.50","Failed"
19163,"2025-09-06 03:09:47",1,5,"121.50",999,"reseller","WELCOME10","East","paypal","failed",True,True,True,"reseller",True,True,"607.50","Failed"
8448,"2025-04-08 02:39:36",5,9,"791.46",999,"online","STUDENT20","East","debit_card","completed",True,True,True,"online",True,True,"7123.14","Completed"
19204,"2025-11-27 12:38:58",7,1,"36.90",32,"online",NULL,"North","credit_card","failed",True,True,True,"online",False,True,"36.90","Failed"
19228,"2025-08-16 02:43:26",5,1,"87.94",10,"reseller","HALFOFF","East","paypal","completed",True,True,True,"reseller",True,True,"87.94","Completed"
19287,"2025-03-23 13:11:09",10,7,"699.93",-5,"online",NULL,"South","paypal","completed",True,True,True,"online",False,True,"4899.51","Completed"
19313,"2025-08-08 18:35:57",2,7,"445.20",999,"reseller","WELCOME10","West","credit_card","failed",True,True,True,"reseller",True,True,"3116.40","Failed"
19387,"2025-10-01 08:30:45",2,8,"508.80",8,"online",NULL,"East","paypal","failed",True,True,True,"online",False,True,"4070.40","Failed"
19389,"2025-03-14 22:03:19",10,9,"899.91",133,"store",NULL,"East","credit_card","failed",True,True,True,"store",False,True,"8099.19","Failed"
19427,"2025-06-10 15:26:48",10,9,"899.91",-5,"online","WELCOME10","West","paypal","failed",True,True,True,"online",True,True,"8099.19","Failed"
19477,"2025-01-21 20:54:54",5,4,"351.76",2,"online",NULL,"Central","credit_card","pending",True,True,True,"online",False,True,"1407.04","Pending"
3021,"2025-11-26 17:15:27",10,7,"699.93",999,"online","WELCOME10","South","paypal","completed",True,True,True,"online",True,True,"4899.51","Completed"
19583,"2025-05-21 05:54:02",7,5,"184.50",2,"online",NULL,"West","debit_card","pending",True,True,True,"online",False,True,"922.50","Pending"
19598,"2025-07-26 06:11:02",3,5,"196.00",1,"reseller","HALFOFF","East","cash","pending",True,True,True,"reseller",True,True,"980.00","Pending"
19619,"2025-03-05 16:25:24",3,4,"156.80",8,"reseller","WELCOME10","West","credit_card","completed",True,True,True,"reseller",True,True,"627.20","Completed"
19620,"2025-01-21 16:34:45",10,6,"599.94",2,"reseller","HALFOFF","South","cash","failed",True,True,True,"reseller",True,True,"3599.64","Failed"
19705,"2025-08-27 16:08:06",5,6,"527.64",999,"store",NULL,"East","credit_card","failed",True,True,True,"store",False,True,"3165.84","Failed"
19713,"2025-02-08 05:42:07",8,6,"300.00",8,"store",NULL,"West","paypal","pending",True,True,True,"store",False,True,"1800.00","Pending"
19722,"2025-04-26 20:43:56",2,8,"508.80",8,"reseller",NULL,"East","paypal","failed",True,True,True,"reseller",False,True,"4070.40","Failed"
19777,"2025-06-20 02:25:33",2,4,"254.40",8,"online",NULL,"East","debit_card","failed",True,True,True,"online",False,True,"1017.60","Failed"
19824,"2025-07-25 22:26:26",2,8,"508.80",999,"store","HALFOFF","Central","paypal","failed",True,True,True,"store",True,True,"4070.40","Failed"
19855,"2025-08-07 10:12:48",2,3,"190.80",2,"reseller","WELCOME10","Central","credit_card","completed",True,True,True,"reseller",True,True,"572.40","Completed"
9123,"2025-01-17 14:05:59",1,7,"170.10",1,"online","WELCOME10","Central","credit_card","pending",True,True,True,"online",True,True,"1190.70","Pending"
9450,"2025-07-05 06:30:05",2,10,"636.00",2,"store",NULL,"South","credit_card","pending",True,True,True,"store",False,True,"6360.00","Pending"
9562,"2025-07-15 23:28:39",5,1,"87.94",10,"online",NULL,"South","cash","completed",True,True,True,"online",False,True,"87.94","Completed"
9672,"2025-09-08 12:50:52",10,3,"299.97",2,"store",NULL,"East","credit_card","failed",True,True,True,"store",False,True,"899.91","Failed"
9675,"2025-12-19 14:48:01",7,7,"258.30",2,"store","STUDENT20","West","credit_card","completed",True,True,True,"store",True,True,"1808.10","Completed"
9892,"2025-08-25 02:21:47",5,10,"879.40",8,"online",NULL,"North","debit_card","failed",True,True,True,"online",False,True,"8794.00","Failed"
9895,"2025-12-04 10:01:34",2,1,"63.60",2,"store","STUDENT20","West","cash","pending",True,True,True,"store",True,True,"63.60","Pending"
9998,"2025-03-26 17:47:03",1,6,"145.80",-5,"online","HALFOFF","East","cash","completed",True,True,True,"online",True,True,"874.80","Completed"
10333,"2025-05-09 12:06:59",10,2,"199.98",8,"store","HALFOFF","Central","credit_card","pending",True,True,True,"store",True,True,"399.96","Pending"
10889,"2025-07-10 18:51:42",8,8,"400.00",32,"reseller",NULL,"West","cash","failed",True,True,True,"reseller",False,True,"3200.00","Failed"
11013,"2025-01-07 18:55:43",10,10,"999.90",10,"store","WELCOME10","South","paypal","failed",True,True,True,"store",True,True,"9999.00","Failed"
11120,"2025-06-05 21:24:24",5,3,"263.82",8,"store","STUDENT20","South","paypal","failed",True,True,True,"store",True,True,"791.46","Failed"
11122,"2025-01-06 12:51:41",3,5,"196.00",10,"reseller","WELCOME10","East","debit_card","pending",True,True,True,"reseller",True,True,"980.00","Pending"
11343,"2025-01-28 17:42:19",2,7,"445.20",2,"reseller","WELCOME10","South","cash","pending",True,True,True,"reseller",True,True,"3116.40","Pending"
11893,"2025-03-06 13:34:52",1,1,"24.30",32,"online",NULL,"North","debit_card","pending",True,True,True,"online",False,True,"24.30","Pending"
12003,"2025-12-02 14:20:12",10,8,"799.92",32,"online","WELCOME10","North","credit_card","completed",True,True,True,"online",True,True,"6399.36","Completed"
12108,"2025-08-06 06:05:12",2,9,"572.40",10,"store","HALFOFF","South","debit_card","failed",True,True,True,"store",True,True,"5151.60","Failed"
12109,"2025-07-02 17:00:29",10,5,"499.95",999,"online","STUDENT20","Central","credit_card","completed",True,True,True,"online",True,True,"2499.75","Completed"
12224,"2025-11-13 18:13:19",3,10,"392.00",-5,"reseller","WELCOME10","Central","cash","pending",True,True,True,"reseller",True,True,"3920.00","Pending"
12542,"2025-08-25 03:08:31",2,6,"381.60",8,"online",NULL,"Central","paypal","completed",True,True,True,"online",False,True,"2289.60","Completed"
12543,"2025-07-11 03:57:27",2,2,"127.20",2,"online","WELCOME10","Central","credit_card","completed",True,True,True,"online",True,True,"254.40","Completed"
12548,"2025-01-16 11:13:40",2,3,"190.80",8,"store","HALFOFF","West","paypal","pending",True,True,True,"store",True,True,"572.40","Pending"
12660,"2025-06-10 16:48:17",2,1,"63.60",-5,"store",NULL,"East","credit_card","failed",True,True,True,"store",False,True,"63.60","Failed"
12878,"2025-05-23 07:59:37",7,7,"258.30",-5,"online","WELCOME10","West","credit_card","pending",True,True,True,"online",True,True,"1808.10","Pending"
12880,"2025-03-16 10:17:03",8,3,"150.00",8,"store","HALFOFF","Central","credit_card","completed",True,True,True,"store",True,True,"450.00","Completed"
13107,"2025-06-28 06:10:18",7,4,"147.60",2,"reseller","HALFOFF","East","debit_card","pending",True,True,True,"reseller",True,True,"590.40","Pending"
13444,"2025-11-19 02:33:53",7,8,"295.20",-5,"online","WELCOME10","West","paypal","completed",True,True,True,"online",True,True,"2361.60","Completed"
13659,"2025-07-28 19:58:29",8,8,"400.00",32,"reseller","STUDENT20","West","cash","pending",True,True,True,"reseller",True,True,"3200.00","Pending"
14218,"2025-10-05 04:22:04",10,10,"999.90",32,"online","WELCOME10","East","paypal","completed",True,True,True,"online",True,True,"9999.00","Completed"
14328,"2025-01-26 05:08:18",3,3,"117.60",2,"store",NULL,"North","paypal","completed",True,True,True,"store",False,True,"352.80","Completed"
8791,"2025-11-20 10:42:25",1,1,"24.30",133,"online","HALFOFF","East","debit_card","failed",True,True,True,"online",True,True,"24.30","Failed"
14665,"2025-08-25 13:57:18",2,10,"636.00",32,"reseller",NULL,"North","credit_card","completed",True,True,True,"reseller",False,True,"6360.00","Completed"
14993,"2025-02-04 12:19:18",8,9,"450.00",-5,"store","HALFOFF","West","cash","pending",True,True,True,"store",True,True,"4050.00","Pending"
15113,"2025-11-03 08:03:54",2,1,"63.60",133,"online",NULL,"East","cash","completed",True,True,True,"online",False,True,"63.60","Completed"
15445,"2025-03-13 18:34:31",2,4,"254.40",2,"reseller",NULL,"West","debit_card","completed",True,True,True,"reseller",False,True,"1017.60","Completed"
15563,"2025-03-05 16:19:10",3,10,"392.00",8,"store",NULL,"East","cash","pending",True,True,True,"store",False,True,"3920.00","Pending"
15668,"2025-04-27 16:17:11",10,3,"299.97",1,"online",NULL,"North","cash","failed",True,True,True,"online",False,True,"899.91","Failed"
15902,"2025-03-23 02:49:12",5,7,"615.58",133,"online","HALFOFF","North","credit_card","failed",True,True,True,"online",True,True,"4309.06","Failed"
15998,"2025-09-06 20:35:03",1,5,"121.50",2,"reseller",NULL,"Central","paypal","pending",True,True,True,"reseller",False,True,"607.50","Pending"
16003,"2025-07-05 15:41:52",10,4,"399.96",-5,"store","STUDENT20","North","paypal","pending",True,True,True,"store",True,True,"1599.84","Pending"
16113,"2025-12-05 10:53:27",5,10,"879.40",32,"reseller",NULL,"South","cash","pending",True,True,True,"reseller",False,True,"8794.00","Pending"
16123,"2025-05-01 11:51:57",2,6,"381.60",10,"store","STUDENT20","Central","credit_card","failed",True,True,True,"store",True,True,"2289.60","Failed"
16337,"2025-04-22 02:16:01",3,5,"196.00",2,"store","STUDENT20","North","cash","failed",True,True,True,"store",True,True,"980.00","Failed"
16440,"2025-07-09 00:32:20",10,7,"699.93",10,"store",NULL,"Central","debit_card","failed",True,True,True,"store",False,True,"4899.51","Failed"
16554,"2025-03-26 11:29:18",3,6,"235.20",10,"online",NULL,"East","paypal","pending",True,True,True,"online",False,True,"1411.20","Pending"
16774,"2025-09-07 01:50:21",10,8,"799.92",10,"reseller","WELCOME10","East","debit_card","pending",True,True,True,"reseller",True,True,"6399.36","Pending"
17334,"2025-05-12 22:36:00",7,10,"369.00",2,"online",NULL,"West","debit_card","failed",True,True,True,"online",False,True,"3690.00","Failed"
17339,"2025-05-02 18:00:59",5,2,"175.88",8,"reseller","WELCOME10","Central","paypal","failed",True,True,True,"reseller",True,True,"351.76","Failed"
17444,"2025-06-11 11:27:01",10,8,"799.92",2,"store","WELCOME10","Central","debit_card","completed",True,True,True,"store",True,True,"6399.36","Completed"
17455,"2025-09-16 04:06:44",10,10,"999.90",-5,"reseller",NULL,"South","debit_card","pending",True,True,True,"reseller",False,True,"9999.00","Pending"
17668,"2025-08-10 23:37:19",10,2,"199.98",-5,"online","WELCOME10","Central","credit_card","pending",True,True,True,"online",True,True,"399.96","Pending"
17670,"2025-04-05 13:04:14",10,8,"799.92",32,"online",NULL,"North","debit_card","completed",True,True,True,"online",False,True,"6399.36","Completed"
17780,"2025-05-12 16:55:52",2,8,"508.80",32,"online","WELCOME10","North","credit_card","completed",True,True,True,"online",True,True,"4070.40","Completed"
17787,"2025-08-15 05:57:31",1,1,"24.30",8,"store",NULL,"West","credit_card","completed",True,True,True,"store",False,True,"24.30","Completed"
17895,"2025-11-18 18:10:08",2,6,"381.60",2,"reseller","WELCOME10","South","cash","failed",True,True,True,"reseller",True,True,"2289.60","Failed"
18232,"2025-05-21 12:32:54",1,10,"243.00",1,"reseller",NULL,"South","cash","failed",True,True,True,"reseller",False,True,"2430.00","Failed"
18237,"2025-04-06 03:01:59",1,8,"194.40",133,"reseller","STUDENT20","West","cash","pending",True,True,True,"reseller",True,True,"1555.20","Pending"
18459,"2025-08-24 02:55:34",1,1,"24.30",1,"store","HALFOFF","North","paypal","failed",True,True,True,"store",True,True,"24.30","Failed"
18572,"2025-07-20 16:58:37",2,7,"445.20",10,"reseller","HALFOFF","East","debit_card","failed",True,True,True,"reseller",True,True,"3116.40","Failed"
18583,"2025-05-16 15:38:33",5,5,"439.70",2,"reseller","HALFOFF","West","paypal","failed",True,True,True,"reseller",True,True,"2198.50","Failed"
18790,"2025-05-14 02:20:29",2,9,"572.40",8,"online","HALFOFF","East","debit_card","pending",True,True,True,"online",True,True,"5151.60","Pending"
18795,"2025-08-13 06:18:14",2,3,"190.80",999,"reseller",NULL,"South","credit_card","pending",True,True,True,"reseller",False,True,"572.40","Pending"
19467,"2025-06-22 12:50:21",5,3,"263.82",-5,"store",NULL,"West","credit_card","failed",True,True,True,"store",False,True,"791.46","Failed"
19790,"2025-11-17 05:42:41",10,3,"299.97",8,"online",NULL,"Central","debit_card","pending",True,True,True,"online",False,True,"899.91","Pending"
19903,"2025-01-03 13:08:01",8,1,"50.00",10,"reseller",NULL,"West","credit_card","completed",True,True,True,"reseller",False,True,"50.00","Completed"
13328,"2025-07-14 06:20:57",3,6,"235.20",1,"reseller",NULL,"East","cash","completed",True,True,True,"reseller",False,True,"1411.20","Completed"
14559,"2025-07-19 16:01:22",5,5,"439.70",999,"store","STUDENT20","East","debit_card","completed",True,True,True,"store",True,True,"2198.50","Completed"
12978,"2025-07-09 02:59:01",1,4,"97.20",-5,"store","HALFOFF","West","paypal","pending",True,True,True,"store",True,True,"388.80","Pending"
19950,"2025-05-01 08:50:03",2,6,"381.60",2,"online",NULL,"Central","paypal","failed",True,True,True,"online",False,True,"2289.60","Failed"
